<?xml version="1.0" encoding="UTF-8"?>
<body>
	<header>
		<lastUpdateDate>
			2019/05/20 00:00:00
		</lastUpdateDate>
		<fileVer>
			001_006_00000
		</fileVer>
	</header>

	<data>
		<urlList>
			<appHelp                                 >https://www.omronconnect.com/app2/faq_app/global/*****/index.html</appHelp>
			<appHelpFromDialog id="2001" os="Android">https://www.omronconnect.com/app2/faq_app/global/*****/index.html</appHelpFromDialog>
			<appHelpFromDialog id="4001" os="Android">https://www.omronconnect.com/app2/faq_app/global/*****/index.html#Err_regist_ALL-And</appHelpFromDialog>
			<appHelpFromDialog id="4006" os="Android">https://www.omronconnect.com/app2/faq_app/global/*****/index.html#Err_regist_ALL-And,https://www.omronconnect.com/app2/faq_app/global/*****/index.html#Err_sync</appHelpFromDialog>
			<appHelpFromDialog id="4009" os="Android">https://www.omronconnect.com/app2/faq_app/global/*****/index.html#Err_regist_ALL-And,https://www.omronconnect.com/app2/faq_app/global/*****/index.html#Err_sync</appHelpFromDialog>
			<appHelpFromDialog id="4018" os="Android">https://www.omronconnect.com/app2/faq_app/global/*****/index.html#Err4018-And,https://www.omronconnect.com/app2/faq_app/global/*****/index.html#Err_sync</appHelpFromDialog>
			<appHelpFromDialog id="2001" os="iOS"    >https://www.omronconnect.com/app2/faq_app/global/*****/index.html</appHelpFromDialog>
			<appHelpFromDialog id="4001" os="iOS"    >https://www.omronconnect.com/app2/faq_app/global/*****/index.html#Err_regist_ALL-iOS</appHelpFromDialog>
			<appHelpFromDialog id="4006" os="iOS"    >https://www.omronconnect.com/app2/faq_app/global/*****/index.html#Err_regist_ALL-iOS,https://www.omronconnect.com/app2/faq_app/global/*****/index.html#Err_sync</appHelpFromDialog>
			<appHelpFromDialog id="4009" os="iOS"    >https://www.omronconnect.com/app2/faq_app/global/*****/index.html#Err_regist_ALL-iOS,https://www.omronconnect.com/app2/faq_app/global/*****/index.html#Err_sync</appHelpFromDialog>
			<appHelpFromDialog id="4018" os="iOS"    >https://www.omronconnect.com/app2/faq_app/global/*****/index.html#Err4018-iOS,https://www.omronconnect.com/app2/faq_app/global/*****/index.html#Err_sync</appHelpFromDialog>
			<language>
				<item>en-gb</item>
				<item>zh-cn</item>
				<item>zh-tw</item>
				<item>fr-def</item>
				<item>it-def</item>
				<item>es-def</item>
				<item>de-def</item>
				<item>ja-def</item>
			</language>

			<appHelpJapan                     os="Android">https://www.omronconnect.com/app2/faq_app/global/*****/index.html</appHelpJapan>
			<appHelpJapan                     os="iOS"    >https://www.omronconnect.com/app2/faq_app/global/*****/index.html</appHelpJapan>
			<appHelpJapanFromDialog id="2001" os="Android">https://www.omronconnect.com/app2/faq_app/global/*****/index.html</appHelpJapanFromDialog>
			<appHelpJapanFromDialog id="4001" os="Android">https://www.omronconnect.com/app2/faq_app/global/*****/index.html#Err_regist_ALL-And</appHelpJapanFromDialog>
			<appHelpJapanFromDialog id="4006" os="Android">https://www.omronconnect.com/app2/faq_app/global/*****/index.html#Err_regist_ALL-And,https://www.omronconnect.com/app2/faq_app/global/*****/index.html#Err_sync-And</appHelpJapanFromDialog>
			<appHelpJapanFromDialog id="4009" os="Android">https://www.omronconnect.com/app2/faq_app/global/*****/index.html#Err_regist_ALL-And,https://www.omronconnect.com/app2/faq_app/global/*****/index.html#Err_sync-And</appHelpJapanFromDialog>
			<appHelpJapanFromDialog id="4018" os="Android">https://www.omronconnect.com/app2/faq_app/global/*****/index.html#Err4018-And,https://www.omronconnect.com/app2/faq_app/global/*****/index.html#Err_sync-And</appHelpJapanFromDialog>
			<appHelpJapanFromDialog id="2001" os="iOS"    >https://www.omronconnect.com/app2/faq_app/global/*****/index.html</appHelpJapanFromDialog>
			<appHelpJapanFromDialog id="4001" os="iOS"    >https://www.omronconnect.com/app2/faq_app/global/*****/index.html#Err_regist_ALL-iOS</appHelpJapanFromDialog>
			<appHelpJapanFromDialog id="4006" os="iOS"    >https://www.omronconnect.com/app2/faq_app/global/*****/index.html#Err_regist_ALL-iOS,https://www.omronconnect.com/app2/faq_app/global/*****/index.html#Err_sync-iOS</appHelpJapanFromDialog>
			<appHelpJapanFromDialog id="4009" os="iOS"    >https://www.omronconnect.com/app2/faq_app/global/*****/index.html#Err_regist_ALL-iOS,https://www.omronconnect.com/app2/faq_app/global/*****/index.html#Err_sync-iOS</appHelpJapanFromDialog>
			<appHelpJapanFromDialog id="4018" os="iOS"    >https://www.omronconnect.com/app2/faq_app/global/*****/index.html#Err4018-iOS,https://www.omronconnect.com/app2/faq_app/global/*****/index.html#Err_sync-iOS</appHelpJapanFromDialog>
		</urlList>
		<cloudHelp                  >https://www.omronconnect.com//app2/faq_cloud/us/*****/index.html</cloudHelp>
		<cloudHelpJapan os="Android">https://www.omronconnect.com//app2/faq_cloud/us/*****/index.html</cloudHelpJapan>
		<cloudHelpJapan os="iOS"    >https://www.omronconnect.com//app2/faq_cloud/us/*****/index.html</cloudHelpJapan>
		<languageForCloudHelp>
			<item>en-gb</item>
			<item>fr-def</item>
			<item>it-def</item>
			<item>es-def</item>
			<item>de-def</item>
		</languageForCloudHelp>
		<sendMail>10</sendMail>
		<unitConvert>
			<fromUnit id="0x1003">
				<toUnit id="0x1010">
					<formula>		</formula>
				</toUnit>
			</fromUnit>
			<fromUnit id="0x1010">
				<toUnit id="0x1003">
					<formula>		</formula>
				</toUnit>
			</fromUnit>
			<fromUnit id="0x2003">
				<toUnit id="0x2010">
					<formula>		</formula>
				</toUnit>
				<toUnit id="0x2020">
					<formula>		</formula>
				</toUnit>
			</fromUnit>
			<fromUnit id="0x2010">
				<toUnit id="0x2003">
					<formula>		</formula>
				</toUnit>
				<toUnit id="0x2020">
					<formula>		</formula>
				</toUnit>
			</fromUnit>
			<fromUnit id="0x2020">
				<toUnit id="0x2003">
					<formula>		</formula>
				</toUnit>
				<toUnit id="0x2010">
					<formula>		</formula>
				</toUnit>
			</fromUnit>
			<fromUnit id="0x1002">
				<toUnit id="0x1040">
					<formula>		</formula>
				</toUnit>
			</fromUnit>
			<fromUnit id="0x1040">
				<toUnit id="0x1002">
					<formula>		</formula>
				</toUnit>
			</fromUnit>
			<fromUnit id="0x5010">
				<toUnit id="0x5003">
					<formula>		</formula>
				</toUnit>
			</fromUnit>
			<fromUnit id="0x5003">
				<toUnit id="0x5010">
					<formula>		</formula>
				</toUnit>
			</fromUnit>
			<fromUnit id="0x6011">
				<toUnit id="0x6001">
					<formula>		</formula>
				</toUnit>
			</fromUnit>
			<fromUnit id="0x6001">
				<toUnit id="0x6011">
					<formula>		</formula>
				</toUnit>
			</fromUnit>
		</unitConvert>
		<deviceSettingInfo>
			<noSync id="0x00000006"></noSync>
			<noSync id="0x00000009"></noSync>
			<noSync id="0x0000000A"></noSync>
			<noSync id="0x00000015"></noSync>
			<noSync id="0x00000016"></noSync>
			<noSync id="0x00000017"></noSync>
		</deviceSettingInfo>
		<graph>
			<graphHelp os="Android" id="0x0000">https://www.omronconnect.com/app2/faq_app/global/*****/index.html#Graph-BloodPressureMonitor-And</graphHelp>
			<graphHelp os="Android" id="0x0001">https://www.omronconnect.com/app2/faq_app/global/*****/index.html#Graph-BodyCompositionMonitor-And</graphHelp>
			<graphHelp os="Android" id="0x0002">https://www.omronconnect.com/app2/faq_app/global/*****/index.html#Graph-ActivityMonitor-And</graphHelp>
			<graphHelp os="Android" id="0x0004">https://www.omronconnect.com/app2/faq_app/global/*****/index.html#Graph-SleepMeter-And</graphHelp>
			<graphHelp os="Android" id="0x0005">https://www.omronconnect.com/app2/faq_app/global/*****/index.html#Graph-BasalThermometer-And</graphHelp>
			<graphHelp os="Android" id="0x0009">https://www.omronconnect.com/app2/faq_app/global/*****/index.html#Graph-BloodGlucoseMonitor-And</graphHelp>
			<graphHelp os="iOS"     id="0x0000">https://www.omronconnect.com/app2/faq_app/global/*****/index.html#Graph-BloodPressureMonitor-iOS</graphHelp>
			<graphHelp os="iOS"     id="0x0001">https://www.omronconnect.com/app2/faq_app/global/*****/index.html#Graph-BodyCompositionMonitor-iOS</graphHelp>
			<graphHelp os="iOS"     id="0x0002">https://www.omronconnect.com/app2/faq_app/global/*****/index.html#Graph-ActivityMonitor-iOS</graphHelp>
			<graphHelp os="iOS"     id="0x0004">https://www.omronconnect.com/app2/faq_app/global/*****/index.html#Graph-SleepMeter-iOS</graphHelp>
			<graphHelp os="iOS"     id="0x0005">https://www.omronconnect.com/app2/faq_app/global/*****/index.html#Graph-BasalThermometer-iOS</graphHelp>
			<graphHelp os="iOS"     id="0x0009">https://www.omronconnect.com/app2/faq_app/global/*****/index.html#Graph-BloodGlucoseMonitor-iOS</graphHelp>

			<graphHelpJapan os="Android" id="0x0000">https://www.omronconnect.com/app2/faq_app/global/*****/index.html#Graph-BloodPressureMonitor-And</graphHelpJapan>
			<graphHelpJapan os="Android" id="0x0001">https://www.omronconnect.com/app2/faq_app/global/*****/index.html#Graph-BodyCompositionMonitor-And</graphHelpJapan>
			<graphHelpJapan os="Android" id="0x0002">https://www.omronconnect.com/app2/faq_app/global/*****/index.html#Graph-ActivityMonitor-And</graphHelpJapan>
			<graphHelpJapan os="Android" id="0x0004">https://www.omronconnect.com/app2/faq_app/global/*****/index.html#Graph-SleepMeter-And</graphHelpJapan>
			<graphHelpJapan os="Android" id="0x0005">https://www.omronconnect.com/app2/faq_app/global/*****/index.html#Graph-BasalThermometer-And</graphHelpJapan>
			<graphHelpJapan os="Android" id="0x0009">https://www.omronconnect.com/app2/faq_app/global/*****/index.html#Graph-BloodGlucoseMonitor-And</graphHelpJapan>
			<graphHelpJapan os="iOS"     id="0x0000">https://www.omronconnect.com/app2/faq_app/global/*****/index.html#Graph-BloodPressureMonitor-iOS</graphHelpJapan>
			<graphHelpJapan os="iOS"     id="0x0001">https://www.omronconnect.com/app2/faq_app/global/*****/index.html#Graph-BodyCompositionMonitor-iOS</graphHelpJapan>
			<graphHelpJapan os="iOS"     id="0x0002">https://www.omronconnect.com/app2/faq_app/global/*****/index.html#Graph-ActivityMonitor-iOS</graphHelpJapan>
			<graphHelpJapan os="iOS"     id="0x0004">https://www.omronconnect.com/app2/faq_app/global/*****/index.html#Graph-SleepMeter-iOS</graphHelpJapan>
			<graphHelpJapan os="iOS"     id="0x0005">https://www.omronconnect.com/app2/faq_app/global/*****/index.html#Graph-BasalThermometer-iOS</graphHelpJapan>
			<graphHelpJapan os="iOS"     id="0x0009">https://www.omronconnect.com/app2/faq_app/global/*****/index.html#Graph-BloodGlucoseMonitor-iOS</graphHelpJapan>
			<index id="0x0001">
				<unit id="0x5010">
					<yaxis_min>30</yaxis_min>
					<yaxis_max>210</yaxis_max>
				</unit>
				<unit id="0x5003">
					<yaxis_min>4.0</yaxis_min>
					<yaxis_max>28.0</yaxis_max>
				</unit>
			</index>
			<index id="0x0003">
				<unit id="0xF0A0">
					<yaxis_min>30</yaxis_min>
					<yaxis_max>210</yaxis_max>
				</unit>
			</index>
			<index id="0x0201">
				<unit id="0xF060">
					<yaxis_min>0</yaxis_min>
					<yaxis_max>20000</yaxis_max>
				</unit>
			</index>
			<index id="0x0203">
				<unit id="0x1003">
					<yaxis_min>0</yaxis_min>
					<yaxis_max>15</yaxis_max>
				</unit>
				<unit id="0x1010">
					<yaxis_min>0.0</yaxis_min>
					<yaxis_max>10.0</yaxis_max>
				</unit>
			</index>
			<index id="0x0204">
				<unit id="0x4003">
					<yaxis_min>0</yaxis_min>
					<yaxis_max>1200</yaxis_max>
				</unit>
			</index>
			<index id="0x0202">
				<unit id="0xF060">
					<yaxis_min>0</yaxis_min>
					<yaxis_max>10000</yaxis_max>
				</unit>
			</index>
			<index id="0x0901">
				<unit id="0x6001">
					<yaxis_min>50</yaxis_min>
					<yaxis_max>300</yaxis_max>
				</unit>
				<unit id="0x6011">
					<yaxis_min>3</yaxis_min>
					<yaxis_max>17</yaxis_max>
				</unit>
			</index>
		</graph>
	</data>
</body>
