<?xml version="1.0" encoding="UTF-8"?>
<body>
	<header>
		<lastUpdateDate>
			2019/05/20 00:00:00
		</lastUpdateDate>
		<fileVer>
			001_006_00000
		</fileVer>
	</header>

	<data>
		<residentArea id="4001">
			<deviceCategory category="0x0000">
				<device>
					<id>013</id>
					<order>006</order>
				</device>
				<device>
					<id>014</id>
					<order>014</order>
				</device>
				<device>
					<id>015</id>
					<order>013</order>
				</device>
				<device>
					<id>016</id>
					<order>010</order>
				</device>
				<device>
					<id>017</id>
					<order>009</order>
				</device>
				<device>
					<id>018</id>
					<order>011</order>
				</device>
				<device>
					<id>019</id>
					<order>012</order>
				</device>
				<device>
					<id>020</id>
					<order>007</order>
				</device>
				<device>
					<id>021</id>
					<order>008</order>
				</device>
				<device>
					<id>022</id>
					<order>005</order>
				</device>
				<device>
					<id>023</id>
					<order>004</order>
				</device>
				<device>
					<id>039</id>
					<order>001</order>
				</device>
				<device>
					<id>040</id>
					<order>002</order>
				</device>
				<device>
					<id>044</id>
					<order>015</order>
				</device>
				<device>
					<id>055</id>
					<order>016</order>
				</device>
				<device>
					<id>067</id>
					<order>003</order>
				</device>
				<categoryOrder>001</categoryOrder>
			</deviceCategory>
			<deviceCategory category="0x0001">
				<device>
					<id>086</id>
					<order>001</order>
				</device>
				<categoryOrder>002</categoryOrder>
			</deviceCategory>
			<deviceCategory category="0x0002">
				<device>
					<id>024</id>
					<order>001</order>
				</device>
				<categoryOrder>003</categoryOrder>
			</deviceCategory>
			<deviceCategory category="0x000E">
				<device>
					<id>20000</id>
					<order>001</order>
				</device>
				<categoryOrder>004</categoryOrder>
			</deviceCategory>
			<areaName>United States</areaName>
			<areaCode>US</areaCode>
		</residentArea>
	</data>
</body>
