<?xml version="1.0" encoding="UTF-8"?>
<body>
	<header>
		<lastUpdateDate>
			2019/05/20 00:00:00
		</lastUpdateDate>
		<fileVer>
			001_006_00000
		</fileVer>
		<Dltime>
			60
		</Dltime>
	</header>

	<data>
		<batchDl>
			<app>
				<file name="BatchDL">
					<fileUrl>https://www.omronconnect.com/download/BatchDL/BatchDL_US_001_000_00000.zip</fileUrl>
					<latestFileVer>001_000_00000</latestFileVer>
					<calculate>104DC139572496D5AC724F1CD14287108BFC0E788959A2E6958175270621E55B</calculate>
				</file>
			</app>
		</batchDl>

		<common>
			<file name="residentArea">
				<app>
					<minVer>001.000.00000</minVer>
					<maxVer>010.000.00000</maxVer>
					<latestFileVer>001_000_00000</latestFileVer>
					<newFileUrl>https://www.omronconnect.com/download/Common/Common_001_001_00000.zip</newFileUrl>
					<calculate>D0BB7F21283A6DB54110644E3659A205C5D7ECED9DBF79C28DF8359D8E0A0CF4</calculate>
				</app>
			</file>

			<file name="deviceList">
				<app>
					<minVer>001.000.00000</minVer>
					<maxVer>010.000.00000</maxVer>
					<latestFileVer>001_001_00000</latestFileVer>
					<newFileUrl>https://www.omronconnect.com/download/Common/Common_001_001_00000.zip</newFileUrl>
					<calculate>D0BB7F21283A6DB54110644E3659A205C5D7ECED9DBF79C28DF8359D8E0A0CF4</calculate>
				</app>
			</file>

			<file name="regionCommonInfo">
				<app>
					<minVer>001.000.00000</minVer>
					<maxVer>010.000.00000</maxVer>
					<latestFileVer>001_000_00000</latestFileVer>
					<newFileUrl>https://www.omronconnect.com/download/Common/Common_001_001_00000.zip</newFileUrl>
					<calculate>D0BB7F21283A6DB54110644E3659A205C5D7ECED9DBF79C28DF8359D8E0A0CF4</calculate>
				</app>
			</file>

			<file name="indexNameList">
				<app>
					<minVer>001.000.00000</minVer>
					<maxVer>010.000.00000</maxVer>
					<latestFileVer>001_000_00000</latestFileVer>
					<newFileUrl>https://www.omronconnect.com/download/Common/Common_001_001_00000.zip</newFileUrl>
					<calculate>D0BB7F21283A6DB54110644E3659A205C5D7ECED9DBF79C28DF8359D8E0A0CF4</calculate>
				</app>
			</file>

			<file name="unitNameList">
				<app>
					<minVer>001.000.00000</minVer>
					<maxVer>010.000.00000</maxVer>
					<latestFileVer>001_000_00000</latestFileVer>
					<newFileUrl>https://www.omronconnect.com/download/Common/Common_001_001_00000.zip</newFileUrl>
					<calculate>D0BB7F21283A6DB54110644E3659A205C5D7ECED9DBF79C28DF8359D8E0A0CF4</calculate>
				</app>
			</file>

			<file name="categoryNameList">
				<app>
					<minVer>001.000.00000</minVer>
					<maxVer>010.000.00000</maxVer>
					<latestFileVer>001_000_00000</latestFileVer>
					<newFileUrl>https://www.omronconnect.com/download/Common/Common_001_001_00000.zip</newFileUrl>
					<calculate>D0BB7F21283A6DB54110644E3659A205C5D7ECED9DBF79C28DF8359D8E0A0CF4</calculate>
				</app>
			</file>
		</common>

		<individual>
			<file name="regionalInfo">
				<app>
					<minVer>001.000.00000</minVer>
					<maxVer>010.000.00000</maxVer>
					<latestFileVer>001_000_00000</latestFileVer>
					<newFileUrl>https://www.omronconnect.com/download/Area/US/US_001_001_00000.zip</newFileUrl>
					<calculate>6186D8AA43FFBE7110B50DB228FD8F8FD2629C629442C65BAB35A26AC9F541E7</calculate>
				</app>
			</file>
			<file name="cooperateAppList">
				<app>
					<minVer>001.000.00000</minVer>
					<maxVer>010.000.00000</maxVer>
					<latestFileVer>001_001_00000</latestFileVer>
					<newFileUrl>https://www.omronconnect.com/download/Area/US/US_001_001_00000.zip</newFileUrl>
					<calculate>6186D8AA43FFBE7110B50DB228FD8F8FD2629C629442C65BAB35A26AC9F541E7</calculate>
				</app>
			</file>

			<file name="terminalCustomValue">
				<terminal type="ASUS ZenFone 2,ASUS ZenFone 2E,Z00D">
					<app>
						<minVer>005.000.00000</minVer>
						<maxVer>005.000.00000</maxVer>
						<latestFileVer>004_001_00000</latestFileVer>
						<newFileUrl>https://www.omronconnect.com/download/Common/Term_Commu_Set/20180827/Asus_ZenFone_2_(ZE500CL).xml</newFileUrl>
						<calculate>78B3C8B1D0EE9B1B6BCAD919B52612A6EC3BFF7DC6492622D4FDD187438F7C00</calculate>
						<size>254</size>
					</app>
				</terminal>
				<terminal type="ASUS_Z008D">
					<app>
						<minVer>005.000.00000</minVer>
						<maxVer>005.000.00000</maxVer>
						<latestFileVer>004_001_00000</latestFileVer>
						<newFileUrl>https://www.omronconnect.com/download/Common/Term_Commu_Set/20180827/Asus_ZenFone_2_(ZE550ML).xml</newFileUrl>
						<calculate>84F473D415BC18CBF18CB28C38B82A226BF3E624BA6B2F9397BCC9803E996E00</calculate>
						<size>254</size>
					</app>
				</terminal>
				<terminal type="ASUS_Z00AD,ASUS_Z00ADA,ASUS_Z00ADB">
					<app>
						<minVer>005.000.00000</minVer>
						<maxVer>005.000.00000</maxVer>
						<latestFileVer>004_001_00000</latestFileVer>
						<newFileUrl>https://www.omronconnect.com/download/Common/Term_Commu_Set/20180827/Asus_ZenFone_2_(ZE551ML).xml</newFileUrl>
						<calculate>0538EED46437DFDC25E0E4BC438CBDFDCBA1BBB0979A46E67C09983702A516E3</calculate>
						<size>254</size>
					</app>
				</terminal>
				<terminal type="ASUS_Z00RD">
					<app>
						<minVer>005.000.00000</minVer>
						<maxVer>005.000.00000</maxVer>
						<latestFileVer>004_001_00000</latestFileVer>
						<newFileUrl>https://www.omronconnect.com/download/Common/Term_Commu_Set/20180827/Asus_ZenFone_2_Laser_(ZE500KG).xml</newFileUrl>
						<calculate>DAA6AA40B3A5747BB88A1EED7F0CAAC9444304FF876E0116BDF71E9D7722F5A4</calculate>
						<size>261</size>
					</app>
				</terminal>
				<terminal type="ASUS_Z00EDB,ASUS_Z00ED">
					<app>
						<minVer>005.000.00000</minVer>
						<maxVer>005.000.00000</maxVer>
						<latestFileVer>004_001_00000</latestFileVer>
						<newFileUrl>https://www.omronconnect.com/download/Common/Term_Commu_Set/20180827/Asus_ZenFone_2_Laser_(ZE500KL).xml</newFileUrl>
						<calculate>CC3B9F176A57B70F50BBF1EA7CED76C43188226396B4F7EB586A75467338261F</calculate>
						<size>260</size>
					</app>
				</terminal>
				<terminal type="ASUS_Z00WD">
					<app>
						<minVer>005.000.00000</minVer>
						<maxVer>005.000.00000</maxVer>
						<latestFileVer>004_001_00000</latestFileVer>
						<newFileUrl>https://www.omronconnect.com/download/Common/Term_Commu_Set/20180827/Asus_ZenFone_2_Laser_(ZE550KG).xml</newFileUrl>
						<calculate>06F6B65CDB06ECCA118D98284334986BEC2290704A3B27789BC30C4D25287B9E</calculate>
						<size>260</size>
					</app>
				</terminal>
				<terminal type="ASUS_Z00LD,ASUS_Z00LDC">
					<app>
						<minVer>005.000.00000</minVer>
						<maxVer>005.000.00000</maxVer>
						<latestFileVer>004_001_00000</latestFileVer>
						<newFileUrl>https://www.omronconnect.com/download/Common/Term_Commu_Set/20180827/Asus_ZenFone_2_Laser_(ZE550KL).xml</newFileUrl>
						<calculate>EC9BD657AFC9363C6395FD1137518752C62604B43051C0FF1A708EF31B2A95F9</calculate>
						<size>260</size>
					</app>
				</terminal>
				<terminal type="ASUS_Z00TD">
					<app>
						<minVer>005.000.00000</minVer>
						<maxVer>005.000.00000</maxVer>
						<latestFileVer>004_001_00000</latestFileVer>
						<newFileUrl>https://www.omronconnect.com/download/Common/Term_Commu_Set/20180827/Asus_ZenFone_2_Laser_(ZE551KL).xml</newFileUrl>
						<calculate>FEF4BB1EECC35A247CC86AF7585C5C68A0A9498608AEE03A6F649F16F32BAE4F</calculate>
						<size>260</size>
					</app>
				</terminal>
				<terminal type="ASUS_Z00MD">
					<app>
						<minVer>005.000.00000</minVer>
						<maxVer>005.000.00000</maxVer>
						<latestFileVer>004_001_00000</latestFileVer>
						<newFileUrl>https://www.omronconnect.com/download/Common/Term_Commu_Set/20180827/Asus_ZenFone_2_Laser_(ZE600KL).xml</newFileUrl>
						<calculate>2DA2F607D0DEC23E4DE7A6397381A8DE2FA76FEAA24A3A0EB3EC0C88AA5BBB79</calculate>
						<size>260</size>
					</app>
				</terminal>
				<terminal type="ASUS_Z011D">
					<app>
						<minVer>005.000.00000</minVer>
						<maxVer>005.000.00000</maxVer>
						<latestFileVer>004_001_00000</latestFileVer>
						<newFileUrl>https://www.omronconnect.com/download/Common/Term_Commu_Set/20180827/Asus_ZenFone_2_Laser_(ZE601KL).xml</newFileUrl>
						<calculate>AF570622692A5C87B746D106C622D87E6ED59B0B0F42C0CF540EC7076FBF2F34</calculate>
						<size>260</size>
					</app>
				</terminal>
				<terminal type="C6806">
					<app>
						<minVer>005.000.00000</minVer>
						<maxVer>005.000.00000</maxVer>
						<latestFileVer>004_001_00000</latestFileVer>
						<newFileUrl>https://www.omronconnect.com/download/Common/Term_Commu_Set/20180827/C6806.xml</newFileUrl>
						<calculate>B27AF89D0CF09A70A4BF9745CFA1AB94CBBCE5FE418D73EB6A3968B6F6838A32</calculate>
						<size>235</size>
					</app>
				</terminal>
				<terminal type="C6903">
					<app>
						<minVer>005.000.00000</minVer>
						<maxVer>005.000.00000</maxVer>
						<latestFileVer>004_001_00000</latestFileVer>
						<newFileUrl>https://www.omronconnect.com/download/Common/Term_Commu_Set/20180827/C6903.xml</newFileUrl>
						<calculate>D390F6069A9F49725F50B6BA34D643916A008416BA0DDC1F69C4AED941BF5801</calculate>
						<size>235</size>
					</app>
				</terminal>
				<terminal type="C6906">
					<app>
						<minVer>005.000.00000</minVer>
						<maxVer>005.000.00000</maxVer>
						<latestFileVer>004_001_00000</latestFileVer>
						<newFileUrl>https://www.omronconnect.com/download/Common/Term_Commu_Set/20180827/C6906.xml</newFileUrl>
						<calculate>A0AD9EC3753AC4BEDFCE86AB5D8B98BF6402B603F3F626132AB7231D84CC8E56</calculate>
						<size>235</size>
					</app>
				</terminal>
				<terminal type="C6943">
					<app>
						<minVer>005.000.00000</minVer>
						<maxVer>005.000.00000</maxVer>
						<latestFileVer>004_001_00000</latestFileVer>
						<newFileUrl>https://www.omronconnect.com/download/Common/Term_Commu_Set/20180827/C6943.xml</newFileUrl>
						<calculate>9CFDA7060D6F4D170A6F06278F34E05A6FBCE28778EFA1BC3E2FB179C8232CDE</calculate>
						<size>235</size>
					</app>
				</terminal>
				<terminal type="Coolpad 8690">
					<app>
						<minVer>005.000.00000</minVer>
						<maxVer>005.000.00000</maxVer>
						<latestFileVer>004_001_00000</latestFileVer>
						<newFileUrl>https://www.omronconnect.com/download/Common/Term_Commu_Set/20180827/Coolpad_8690.xml</newFileUrl>
						<calculate>BF50B144522D4DE0475913D8B37CA38676C9BB9F813E8EBDAE9AD506C8D6A72F</calculate>
						<size>290</size>
					</app>
				</terminal>
				<terminal type="F-01F">
					<app>
						<minVer>005.000.00000</minVer>
						<maxVer>005.000.00000</maxVer>
						<latestFileVer>004_001_00000</latestFileVer>
						<newFileUrl>https://www.omronconnect.com/download/Common/Term_Commu_Set/20180827/Fujitsu_F-01F.xml</newFileUrl>
						<calculate>370AB7C74903B0E5D18C9E09B844BA5C6D2F5CAC9F90EA02AC13A52FEF69ECF5</calculate>
						<size>243</size>
					</app>
				</terminal>
				<terminal type="H60-L01">
					<app>
						<minVer>005.000.00000</minVer>
						<maxVer>005.000.00000</maxVer>
						<latestFileVer>004_001_00000</latestFileVer>
						<newFileUrl>https://www.omronconnect.com/download/Common/Term_Commu_Set/20180827/H60-L01.xml</newFileUrl>
						<calculate>94C4C198438FF50871F064BD20FF11600517C4388165915B85D6C110136BFD7B</calculate>
						<size>237</size>
					</app>
				</terminal>
				<terminal type="HTC Butterfly 2,HTC_B810x">
					<app>
						<minVer>005.000.00000</minVer>
						<maxVer>005.000.00000</maxVer>
						<latestFileVer>004_001_00000</latestFileVer>
						<newFileUrl>https://www.omronconnect.com/download/Common/Term_Commu_Set/20180827/HTC_Butterfly_2.xml</newFileUrl>
						<calculate>A0AEED7B95E990B29080C3E8D5159CD21FDD87A7E7724737B43B869F4D980C58</calculate>
						<size>245</size>
					</app>
				</terminal>
				<terminal type="HTC D820t">
					<app>
						<minVer>005.000.00000</minVer>
						<maxVer>005.000.00000</maxVer>
						<latestFileVer>004_001_00000</latestFileVer>
						<newFileUrl>https://www.omronconnect.com/download/Common/Term_Commu_Set/20180827/HTC_D820t.xml</newFileUrl>
						<calculate>257AB94DCDBFC2DE484E743689AE22C5C949D55C783133CCB67FD81BF28BA4AA</calculate>
						<size>239</size>
					</app>
				</terminal>
				<terminal type="HTC D820u,HTC_D820u">
					<app>
						<minVer>005.000.00000</minVer>
						<maxVer>005.000.00000</maxVer>
						<latestFileVer>004_001_00000</latestFileVer>
						<newFileUrl>https://www.omronconnect.com/download/Common/Term_Commu_Set/20180827/HTC_D820u.xml</newFileUrl>
						<calculate>28EA7A46515BA12D05583DC7588A099C613D8B02E01BF3B6453AB6B6D89857DE</calculate>
						<size>239</size>
					</app>
				</terminal>
				<terminal type="HTC 0PFJ4,HTC Desire 820">
					<app>
						<minVer>005.000.00000</minVer>
						<maxVer>005.000.00000</maxVer>
						<latestFileVer>004_001_00000</latestFileVer>
						<newFileUrl>https://www.omronconnect.com/download/Common/Term_Commu_Set/20180827/HTC_Desire_820.xml</newFileUrl>
						<calculate>32401324609F2A8D1D6725D372649D3D6070A5757689C0A677B843E26D2716DB</calculate>
						<size>244</size>
					</app>
				</terminal>
				<terminal type="HTC Desire 820 dual sim">
					<app>
						<minVer>005.000.00000</minVer>
						<maxVer>005.000.00000</maxVer>
						<latestFileVer>004_001_00000</latestFileVer>
						<newFileUrl>https://www.omronconnect.com/download/Common/Term_Commu_Set/20180827/HTC_Desire_820_dual_sim.xml</newFileUrl>
						<calculate>4DED45F2F8C50AFF1FA0BF3B71821BCBEFE2DC546DB49DB4ADBB7AF009762088</calculate>
						<size>253</size>
					</app>
				</terminal>
				<terminal type="HTC Desire 820G PLUS dual sim,HTC Desire 820G dual sim,HTC_D820pi">
					<app>
						<minVer>005.000.00000</minVer>
						<maxVer>005.000.00000</maxVer>
						<latestFileVer>004_001_00000</latestFileVer>
						<newFileUrl>https://www.omronconnect.com/download/Common/Term_Commu_Set/20180827/HTC_Desire_820G_PLUS_dual_sim.xml</newFileUrl>
						<calculate>185FB31A20E57350976FF1120E26CC61A7280D64BFF8194D823F452FEE6B203C</calculate>
						<size>259</size>
					</app>
				</terminal>
				<terminal type="HTC Desire 820q dual sim">
					<app>
						<minVer>005.000.00000</minVer>
						<maxVer>005.000.00000</maxVer>
						<latestFileVer>004_001_00000</latestFileVer>
						<newFileUrl>https://www.omronconnect.com/download/Common/Term_Commu_Set/20180827/HTC_Desire_820q_dual_sim.xml</newFileUrl>
						<calculate>0F51E793F815EA6F0603477DFA2586CAD9982A6CD365130E635530FD06D3C034</calculate>
						<size>254</size>
					</app>
				</terminal>
				<terminal type="HTC D820ts,HTC D820us,HTC Desire 820s dual sim">
					<app>
						<minVer>005.000.00000</minVer>
						<maxVer>005.000.00000</maxVer>
						<latestFileVer>004_001_00000</latestFileVer>
						<newFileUrl>https://www.omronconnect.com/download/Common/Term_Commu_Set/20180827/HTC_Desire_820s.xml</newFileUrl>
						<calculate>D621995D3805BAE2F190B11F769F86E34C2B029D3D7485692C6587B988FEB734</calculate>
						<size>245</size>
					</app>
				</terminal>
				<terminal type="HTC Desire 820s dual sim">
					<app>
						<minVer>005.000.00000</minVer>
						<maxVer>005.000.00000</maxVer>
						<latestFileVer>004_001_00000</latestFileVer>
						<newFileUrl>https://www.omronconnect.com/download/Common/Term_Commu_Set/20180827/HTC_Desire_820s_dual_sim.xml</newFileUrl>
						<calculate>C4FAC43143976C14130C609C2594718833EFACE93425270FEDA4E5708305A717</calculate>
						<size>254</size>
					</app>
				</terminal>
				<terminal type="HTC 0PFH2,HTC Desire EYE,HTC_M910x,HTC 0PFH11,HTC Desire Eye">
					<app>
						<minVer>005.000.00000</minVer>
						<maxVer>005.000.00000</maxVer>
						<latestFileVer>004_001_00000</latestFileVer>
						<newFileUrl>https://www.omronconnect.com/download/Common/Term_Commu_Set/20180827/HTC_Desire_EYE.xml</newFileUrl>
						<calculate>43BCF6333CC0BA5D264292F50260DB08F2A8D5682FCACF3B41F6404DB6CD39ED</calculate>
						<size>244</size>
					</app>
				</terminal>
				<terminal type="HTC M8e">
					<app>
						<minVer>005.000.00000</minVer>
						<maxVer>005.000.00000</maxVer>
						<latestFileVer>004_001_00000</latestFileVer>
						<newFileUrl>https://www.omronconnect.com/download/Common/Term_Commu_Set/20180827/HTC_M8e.xml</newFileUrl>
						<calculate>30B4116C8FAB939479B4D4CE375BC6FFB5CBA3B1AD03ED5A84E70896DDA69E69</calculate>
						<size>237</size>
					</app>
				</terminal>
				<terminal type="HTC M8si">
					<app>
						<minVer>005.000.00000</minVer>
						<maxVer>005.000.00000</maxVer>
						<latestFileVer>004_001_00000</latestFileVer>
						<newFileUrl>https://www.omronconnect.com/download/Common/Term_Commu_Set/20180827/HTC_M8si.xml</newFileUrl>
						<calculate>3398BD6E15D9E66874803C33B2A09B96D682A40485A8779C5B188C98A02E32A0</calculate>
						<size>238</size>
					</app>
				</terminal>
				<terminal type="HTC M8t">
					<app>
						<minVer>005.000.00000</minVer>
						<maxVer>005.000.00000</maxVer>
						<latestFileVer>004_001_00000</latestFileVer>
						<newFileUrl>https://www.omronconnect.com/download/Common/Term_Commu_Set/20180827/HTC_M8t.xml</newFileUrl>
						<calculate>E1106F2C7AF2913B700FCE13C520A099CC5A11AFD37C97CBF8E83D59BD5A9C37</calculate>
						<size>237</size>
					</app>
				</terminal>
				<terminal type="HTC One M8s,HTC_0PKV1">
					<app>
						<minVer>005.000.00000</minVer>
						<maxVer>005.000.00000</maxVer>
						<latestFileVer>004_001_00000</latestFileVer>
						<newFileUrl>https://www.omronconnect.com/download/Common/Term_Commu_Set/20180827/HTC_ONE_M8s.xml</newFileUrl>
						<calculate>9C26DE41ED7D6CF33362D52D02F9B422BFD26DCFB0491F1FE8C0469B50E82AD5</calculate>
						<size>241</size>
					</app>
				</terminal>
				<terminal type="HTC M8w,HTC One_M8,HTC_0P6B,HTC_0P6B6,HTC_M8x,HTC One_M8 dual sim,HTC M8d,831C,HTC6525LVW">
					<app>
						<minVer>005.000.00000</minVer>
						<maxVer>005.000.00000</maxVer>
						<latestFileVer>004_001_00000</latestFileVer>
						<newFileUrl>https://www.omronconnect.com/download/Common/Term_Commu_Set/20180827/HTC_One_(M8).xml</newFileUrl>
						<calculate>C026D51B17E3E71F16DC71ACBCB1D4C7E4F371872A310DB1E1CC45FA8F2DDE16</calculate>
						<size>242</size>
					</app>
				</terminal>
				<terminal type="Che2-L11">
					<app>
						<minVer>005.000.00000</minVer>
						<maxVer>005.000.00000</maxVer>
						<latestFileVer>004_001_00000</latestFileVer>
						<newFileUrl>https://www.omronconnect.com/download/Common/Term_Commu_Set/20180827/Huawei_Che2-L11.xml</newFileUrl>
						<calculate>CD84626F221E84182191B808B093E38C29ED817BF47F9A721A0E59435CC00CDC</calculate>
						<size>245</size>
					</app>
				</terminal>
				<terminal type="Che2-L23">
					<app>
						<minVer>005.000.00000</minVer>
						<maxVer>005.000.00000</maxVer>
						<latestFileVer>004_001_00000</latestFileVer>
						<newFileUrl>https://www.omronconnect.com/download/Common/Term_Commu_Set/20180827/Huawei_Che2-L23.xml</newFileUrl>
						<calculate>775D19EE8E61F5405317A39624CCB5C7BBDF626BD6EB928E226ED80B49732A71</calculate>
						<size>245</size>
					</app>
				</terminal>
				<terminal type="Che2-TL00">
					<app>
						<minVer>005.000.00000</minVer>
						<maxVer>005.000.00000</maxVer>
						<latestFileVer>004_001_00000</latestFileVer>
						<newFileUrl>https://www.omronconnect.com/download/Common/Term_Commu_Set/20180827/Huawei_Che2-TL00.xml</newFileUrl>
						<calculate>F5DE8DDFB72A0E60739785D7264E40799CDD0D023E06EE2BC408809D9DD56327</calculate>
						<size>246</size>
					</app>
				</terminal>
				<terminal type="Che2-TL00H">
					<app>
						<minVer>005.000.00000</minVer>
						<maxVer>005.000.00000</maxVer>
						<latestFileVer>004_001_00000</latestFileVer>
						<newFileUrl>https://www.omronconnect.com/download/Common/Term_Commu_Set/20180827/Huawei_Che2-TL00H.xml</newFileUrl>
						<calculate>1173488A9570723B350FDCA028BE4DAB6FF5B4BA73A2AA10FAD66E532F54D622</calculate>
						<size>247</size>
					</app>
				</terminal>
				<terminal type="Che2-TL00M">
					<app>
						<minVer>005.000.00000</minVer>
						<maxVer>005.000.00000</maxVer>
						<latestFileVer>004_001_00000</latestFileVer>
						<newFileUrl>https://www.omronconnect.com/download/Common/Term_Commu_Set/20180827/Huawei_Che2-TL00M.xml</newFileUrl>
						<calculate>F5F892678805FD0A4BD45F543991432510DD00F4C46613A353938C37DAA97036</calculate>
						<size>247</size>
					</app>
				</terminal>
				<terminal type="Che2-UL00">
					<app>
						<minVer>005.000.00000</minVer>
						<maxVer>005.000.00000</maxVer>
						<latestFileVer>004_001_00000</latestFileVer>
						<newFileUrl>https://www.omronconnect.com/download/Common/Term_Commu_Set/20180827/Huawei_Che2-UL00.xml</newFileUrl>
						<calculate>E8C5FCA55F06539474BE108B117D6BD0DB482D3FEC5CF57020991EA332A59DC4</calculate>
						<size>246</size>
					</app>
				</terminal>
				<terminal type="HW-H60-J1">
					<app>
						<minVer>005.000.00000</minVer>
						<maxVer>005.000.00000</maxVer>
						<latestFileVer>004_001_00000</latestFileVer>
						<newFileUrl>https://www.omronconnect.com/download/Common/Term_Commu_Set/20180827/Huawei_H60-J1.xml</newFileUrl>
						<calculate>6D179E3ED6B2493F5E1411E49E2DDAE48649CED4062FCBAA249FC37839C86C0F</calculate>
						<size>242</size>
					</app>
				</terminal>
				<terminal type="H60-L02">
					<app>
						<minVer>005.000.00000</minVer>
						<maxVer>005.000.00000</maxVer>
						<latestFileVer>004_001_00000</latestFileVer>
						<newFileUrl>https://www.omronconnect.com/download/Common/Term_Commu_Set/20180827/Huawei_H60-L02.xml</newFileUrl>
						<calculate>BFBDA0AEA0944CB7D07334CA8B0A3F0C022FED9EDB787E663E9069C46FEDF256</calculate>
						<size>244</size>
					</app>
				</terminal>
				<terminal type="H60-L03">
					<app>
						<minVer>005.000.00000</minVer>
						<maxVer>005.000.00000</maxVer>
						<latestFileVer>004_001_00000</latestFileVer>
						<newFileUrl>https://www.omronconnect.com/download/Common/Term_Commu_Set/20180827/Huawei_H60-L03.xml</newFileUrl>
						<calculate>F181CF43083DD4F65277B59A5FD6D0C1EC1DDE0B81C7F7E52CFEEA9BC7F52146</calculate>
						<size>244</size>
					</app>
				</terminal>
				<terminal type="H60-L04">
					<app>
						<minVer>005.000.00000</minVer>
						<maxVer>005.000.00000</maxVer>
						<latestFileVer>004_001_00000</latestFileVer>
						<newFileUrl>https://www.omronconnect.com/download/Common/Term_Commu_Set/20180827/Huawei_H60-L04.xml</newFileUrl>
						<calculate>96F848F554C1A4884488AAE1CCDF51E8D6B221BB1080C782C3363BAC5E05EDCE</calculate>
						<size>244</size>
					</app>
				</terminal>
				<terminal type="H60-L11">
					<app>
						<minVer>005.000.00000</minVer>
						<maxVer>005.000.00000</maxVer>
						<latestFileVer>004_001_00000</latestFileVer>
						<newFileUrl>https://www.omronconnect.com/download/Common/Term_Commu_Set/20180827/Huawei_H60-L11.xml</newFileUrl>
						<calculate>196AF4D41EF8E62C3FBF309016E549C8902E5CFD8015254557AC6F93F535925A</calculate>
						<size>244</size>
					</app>
				</terminal>
				<terminal type="H60-L12">
					<app>
						<minVer>005.000.00000</minVer>
						<maxVer>005.000.00000</maxVer>
						<latestFileVer>004_001_00000</latestFileVer>
						<newFileUrl>https://www.omronconnect.com/download/Common/Term_Commu_Set/20180827/Huawei_H60-L12.xml</newFileUrl>
						<calculate>26A5A29CF1D42A89D123C50B8048850A9FBC16BFA3201959FABC8B600F69CBF6</calculate>
						<size>244</size>
					</app>
				</terminal>
				<terminal type="H60-L21">
					<app>
						<minVer>005.000.00000</minVer>
						<maxVer>005.000.00000</maxVer>
						<latestFileVer>004_001_00000</latestFileVer>
						<newFileUrl>https://www.omronconnect.com/download/Common/Term_Commu_Set/20180827/Huawei_H60-L21.xml</newFileUrl>
						<calculate>82CF7464C16EBF6AA7E19167012ED1E7AE0A765B08E1EFE0CD58AE13C5E7420F</calculate>
						<size>244</size>
					</app>
				</terminal>
				<terminal type="Che2-L12">
					<app>
						<minVer>005.000.00000</minVer>
						<maxVer>005.000.00000</maxVer>
						<latestFileVer>004_001_00000</latestFileVer>
						<newFileUrl>https://www.omronconnect.com/download/Common/Term_Commu_Set/20180827/Huawei_HONOR_4X.xml</newFileUrl>
						<calculate>3CCA97115B60E94E74A967C3E265288890DEDDCDB3C801FB5C034B9CEC0EC4DA</calculate>
						<size>245</size>
					</app>
				</terminal>
				<terminal type="HUAWEI MT7-CL00,HUAWEI MT7-J1,HUAWEI MT7-L09,HUAWEI MT7-TL00,HUAWEI MT7-TL10,HUAWEI MT7-UL00">
					<app>
						<minVer>005.000.00000</minVer>
						<maxVer>005.000.00000</maxVer>
						<latestFileVer>004_001_00000</latestFileVer>
						<newFileUrl>https://www.omronconnect.com/download/Common/Term_Commu_Set/20180827/Huawei_Mate_7.xml</newFileUrl>
						<calculate>565B9DF4F1847585999BA8110C440F732DF53BB1B67CBD7E2A424D67C18B867B</calculate>
						<size>291</size>
					</app>
				</terminal>
				<terminal type="HUAWEI CRR-CL00,HUAWEI CRR-CL20,HUAWEI CRR-L09,HUAWEI CRR-TL00,HUAWEI CRR-UL00,HUAWEI CRR-UL20">
					<app>
						<minVer>005.000.00000</minVer>
						<maxVer>005.000.00000</maxVer>
						<latestFileVer>004_001_00000</latestFileVer>
						<newFileUrl>https://www.omronconnect.com/download/Common/Term_Commu_Set/20180827/Huawei_Mate_S.xml</newFileUrl>
						<calculate>87AED2F491164809740C93B41CA923DD49325B16733AF2FAA29D115D7646B831</calculate>
						<size>243</size>
					</app>
				</terminal>
				<terminal type="HUAWEI P7-L00,HUAWEI P7-L05,HUAWEI P7-L07,HUAWEI P7-L10,HUAWEI P7-L11,HUAWEI P7-L12">
					<app>
						<minVer>005.000.00000</minVer>
						<maxVer>005.000.00000</maxVer>
						<latestFileVer>004_001_00000</latestFileVer>
						<newFileUrl>https://www.omronconnect.com/download/Common/Term_Commu_Set/20180827/Huawei_P7.xml</newFileUrl>
						<calculate>34B772F76B84694AC856D01F9F13CA653589ECAE1B79CAD1B1D3391A3C3B3567</calculate>
						<size>239</size>
					</app>
				</terminal>
				<terminal type="HUAWEI P7-L09">
					<app>
						<minVer>005.000.00000</minVer>
						<maxVer>005.000.00000</maxVer>
						<latestFileVer>004_001_00000</latestFileVer>
						<newFileUrl>https://www.omronconnect.com/download/Common/Term_Commu_Set/20180827/Huawei_P7-L09.xml</newFileUrl>
						<calculate>21540A128E72B5B68A7D84747925687DFC67E915FC291807A983CD990F45AB23</calculate>
						<size>243</size>
					</app>
				</terminal>
				<terminal type="HUAWEI GRA-CL00,HUAWEI GRA-CL10,HUAWEI GRA-L09,HUAWEI GRA-TL00,HUAWEI GRA-UL00,HUAWEI GRA-UL10">
					<app>
						<minVer>005.000.00000</minVer>
						<maxVer>005.000.00000</maxVer>
						<latestFileVer>004_001_00000</latestFileVer>
						<newFileUrl>https://www.omronconnect.com/download/Common/Term_Commu_Set/20180827/Huawei_P8.xml</newFileUrl>
						<calculate>5AEEC8DACEA768030916BBFD739A63E1C96A2BB7C66C1679577E47CEBBA462AE</calculate>
						<size>345</size>
					</app>
				</terminal>
				<terminal type="L55t">
					<app>
						<minVer>005.000.00000</minVer>
						<maxVer>005.000.00000</maxVer>
						<latestFileVer>004_001_00000</latestFileVer>
						<newFileUrl>https://www.omronconnect.com/download/Common/Term_Commu_Set/20180827/L55t.xml</newFileUrl>
						<calculate>2E036A573E7DAA90599C3D025E7177401D451775A3B7DED9E08C52A88ADD7B6B</calculate>
						<size>283</size>
					</app>
				</terminal>
				<terminal type="L55u">
					<app>
						<minVer>005.000.00000</minVer>
						<maxVer>005.000.00000</maxVer>
						<latestFileVer>004_001_00000</latestFileVer>
						<newFileUrl>https://www.omronconnect.com/download/Common/Term_Commu_Set/20180827/L55u.xml</newFileUrl>
						<calculate>1F59C05A02D30B4D3D29DDD022E5CD34FDE264D4686057DF81DCCBE6B162133A</calculate>
						<size>283</size>
					</app>
				</terminal>
				<terminal type="AS985,LG-AS990,LG-D850,LG-D851,LG-D852,LG-D852G,LG-D855,LG-D856,LG-D857,LG-D858,LG-D858HK,LG-D859,LG-F400K,LG-F400L,LG-F400S,LGL24,LGLS990,LGUS990,LGV31,VS985 4G">
					<app>
						<minVer>005.000.00000</minVer>
						<maxVer>005.000.00000</maxVer>
						<latestFileVer>004_001_00000</latestFileVer>
						<newFileUrl>https://www.omronconnect.com/download/Common/Term_Commu_Set/20180827/LGE_LG_G3.xml</newFileUrl>
						<calculate>2B2E0F0D70FD4BB1F688D36DCAE65ED3B0CC02C4D9D22E3163083BC7401BA18D</calculate>
						<size>239</size>
					</app>
				</terminal>
				<terminal type="LG-F410S">
					<app>
						<minVer>005.000.00000</minVer>
						<maxVer>005.000.00000</maxVer>
						<latestFileVer>004_001_00000</latestFileVer>
						<newFileUrl>https://www.omronconnect.com/download/Common/Term_Commu_Set/20180827/LGE_LG_G3_A.xml</newFileUrl>
						<calculate>2C2C2337F82917E08794C4724A7C610593ECFE1D41B5D92E3543A416CD38CC11</calculate>
						<size>241</size>
					</app>
				</terminal>
				<terminal type="LG-F460K,LG-F460L,LG-F460S">
					<app>
						<minVer>005.000.00000</minVer>
						<maxVer>005.000.00000</maxVer>
						<latestFileVer>004_001_00000</latestFileVer>
						<newFileUrl>https://www.omronconnect.com/download/Common/Term_Commu_Set/20180827/LGE_LG_G3_Cat.6.xml</newFileUrl>
						<calculate>107A2A49B8BCD8C8A0BD8006BB9A68B375D29C19B3B3E99BDC43B4E666A065E3</calculate>
						<size>245</size>
					</app>
				</terminal>
				<terminal type="AS986,LG-AS811,LG-AS991,LG-F500K,LG-F500L,LG-F500S,LG-H810,LG-H811,LG-H812,LG-H815,LG-H818,LG-H819,LGLS991,LGUS991,LGV32,VS986">
					<app>
						<minVer>005.000.00000</minVer>
						<maxVer>005.000.00000</maxVer>
						<latestFileVer>004_001_00000</latestFileVer>
						<newFileUrl>https://www.omronconnect.com/download/Common/Term_Commu_Set/20180827/LGE_LG_G4.xml</newFileUrl>
						<calculate>D7E0A84048A75FB0C928FE0C3BE53556EDDDF43129F2A5BEC5B4E0A7B0DB2C77</calculate>
						<size>239</size>
					</app>
				</terminal>
				<terminal type="Nexus 5">
					<app>
						<minVer>005.000.00000</minVer>
						<maxVer>005.000.00000</maxVer>
						<latestFileVer>004_001_00000</latestFileVer>
						<newFileUrl>https://www.omronconnect.com/download/Common/Term_Commu_Set/20180827/LGE_Nexus_5.xml</newFileUrl>
						<calculate>9B3C3FA64013B0D54AFC0CAC99CBF9824E24308533065F188E23AC9E02C62F19</calculate>
						<size>289</size>
					</app>
				</terminal>
				<terminal type="Nexus 5X">
					<app>
						<minVer>005.000.00000</minVer>
						<maxVer>005.000.00000</maxVer>
						<latestFileVer>004_001_00000</latestFileVer>
						<newFileUrl>https://www.omronconnect.com/download/Common/Term_Commu_Set/20180827/LGE_Nexus_5X.xml</newFileUrl>
						<calculate>264A106DAADD5151551A403AA4201AF1658C6D67110985330B4331A7713B1BD3</calculate>
						<size>291</size>
					</app>
				</terminal>
				<terminal type="Lenovo K30-E">
					<app>
						<minVer>005.000.00000</minVer>
						<maxVer>005.000.00000</maxVer>
						<latestFileVer>004_001_00000</latestFileVer>
						<newFileUrl>https://www.omronconnect.com/download/Common/Term_Commu_Set/20180827/Lenovo_K30-E.xml</newFileUrl>
						<calculate>21DF6A8E55102A31FB562118D8DC841A772212D55C424009EF5A5CAC776801F2</calculate>
						<size>290</size>
					</app>
				</terminal>
				<terminal type="Lenovo K30-T">
					<app>
						<minVer>005.000.00000</minVer>
						<maxVer>005.000.00000</maxVer>
						<latestFileVer>004_001_00000</latestFileVer>
						<newFileUrl>https://www.omronconnect.com/download/Common/Term_Commu_Set/20180827/Lenovo_K30-T.xml</newFileUrl>
						<calculate>639FB4B631C04C49017CA7CF5E2C375154A7F57A9713DF0DEF1CA6525A495E90</calculate>
						<size>290</size>
					</app>
				</terminal>
				<terminal type="Lenovo K30-TM">
					<app>
						<minVer>005.000.00000</minVer>
						<maxVer>005.000.00000</maxVer>
						<latestFileVer>004_001_00000</latestFileVer>
						<newFileUrl>https://www.omronconnect.com/download/Common/Term_Commu_Set/20180827/Lenovo_K30-TM.xml</newFileUrl>
						<calculate>93726CFCD577D423D4DCF898F2661904A749A2872E499EAA8E03D3E83616E110</calculate>
						<size>291</size>
					</app>
				</terminal>
				<terminal type="Lenovo K30-W">
					<app>
						<minVer>005.000.00000</minVer>
						<maxVer>005.000.00000</maxVer>
						<latestFileVer>004_001_00000</latestFileVer>
						<newFileUrl>https://www.omronconnect.com/download/Common/Term_Commu_Set/20180827/Lenovo_K30-W.xml</newFileUrl>
						<calculate>70B172CBB091FE8546915C2BECA088840DE74B606B97CF5186EB37589BAF7900</calculate>
						<size>290</size>
					</app>
				</terminal>
				<terminal type="Lenovo S90-e">
					<app>
						<minVer>005.000.00000</minVer>
						<maxVer>005.000.00000</maxVer>
						<latestFileVer>004_001_00000</latestFileVer>
						<newFileUrl>https://www.omronconnect.com/download/Common/Term_Commu_Set/20180827/Lenovo_S90.xml</newFileUrl>
						<calculate>28DF6CCA399BE7F55D16A76D05F85F54732742AD2607DE1B50E20C96CC2E6DB3</calculate>
						<size>288</size>
					</app>
				</terminal>
				<terminal type="Lenovo S90-A">
					<app>
						<minVer>005.000.00000</minVer>
						<maxVer>005.000.00000</maxVer>
						<latestFileVer>004_001_00000</latestFileVer>
						<newFileUrl>https://www.omronconnect.com/download/Common/Term_Commu_Set/20180827/Lenovo_S90-A.xml</newFileUrl>
						<calculate>6F7ACF49026FAAD06CC3EFAD185088C3BDFE0B0573E763A93B4F8603CBD69619</calculate>
						<size>290</size>
					</app>
				</terminal>
				<terminal type="Lenovo S90-L">
					<app>
						<minVer>005.000.00000</minVer>
						<maxVer>005.000.00000</maxVer>
						<latestFileVer>004_001_00000</latestFileVer>
						<newFileUrl>https://www.omronconnect.com/download/Common/Term_Commu_Set/20180827/Lenovo_S90-L.xml</newFileUrl>
						<calculate>FE36989FCDF1020BD620C536000CFBF0995D9F0AAF03F2F88D62EAEC348CE7B6</calculate>
						<size>290</size>
					</app>
				</terminal>
				<terminal type="Lenovo S90-t">
					<app>
						<minVer>005.000.00000</minVer>
						<maxVer>005.000.00000</maxVer>
						<latestFileVer>004_001_00000</latestFileVer>
						<newFileUrl>https://www.omronconnect.com/download/Common/Term_Commu_Set/20180827/Lenovo_S90-T.xml</newFileUrl>
						<calculate>FAE6FFED967E16478D73CD8D72F928634BD0450F1095AA4BE20AD9487F8B7A8B</calculate>
						<size>290</size>
					</app>
				</terminal>
				<terminal type="Lenovo S90-u">
					<app>
						<minVer>005.000.00000</minVer>
						<maxVer>005.000.00000</maxVer>
						<latestFileVer>004_001_00000</latestFileVer>
						<newFileUrl>https://www.omronconnect.com/download/Common/Term_Commu_Set/20180827/Lenovo_S90-U.xml</newFileUrl>
						<calculate>64936877084D20A20030BDD4C9E4FA7A94A27AFCD48D1EA398400BBC25BE77FE</calculate>
						<size>290</size>
					</app>
				</terminal>
				<terminal type="MX4 Pro">
					<app>
						<minVer>005.000.00000</minVer>
						<maxVer>005.000.00000</maxVer>
						<latestFileVer>004_001_00000</latestFileVer>
						<newFileUrl>https://www.omronconnect.com/download/Common/Term_Commu_Set/20180827/MX4_Pro.xml</newFileUrl>
						<calculate>74E726B8445270894030D2077E4FCC7EA269F1B10C1638764A59CC9AC414F614</calculate>
						<size>237</size>
					</app>
				</terminal>
				<terminal type="ONEPLUS A3000">
					<app>
						<minVer>005.000.00000</minVer>
						<maxVer>005.000.00000</maxVer>
						<latestFileVer>004_001_00000</latestFileVer>
						<newFileUrl>https://www.omronconnect.com/download/Common/Term_Commu_Set/20180827/ONEPLUS_A3000.xml</newFileUrl>
						<calculate>9A8A6CECB2B487D78699F368760BB021DB1459563DADD2AF87EC860D583AB526</calculate>
						<size>243</size>
					</app>
				</terminal>
				<terminal type="OPPO R7,R7">
					<app>
						<minVer>005.000.00000</minVer>
						<maxVer>005.000.00000</maxVer>
						<latestFileVer>004_001_00000</latestFileVer>
						<newFileUrl>https://www.omronconnect.com/download/Common/Term_Commu_Set/20180827/Oppo_R7.xml</newFileUrl>
						<calculate>E1418D6898DA3309FA3DDF62F9715BC80AB164E70A45838344EBB61782B26724</calculate>
						<size>283</size>
					</app>
				</terminal>
				<terminal type="R7Plus">
					<app>
						<minVer>005.000.00000</minVer>
						<maxVer>005.000.00000</maxVer>
						<latestFileVer>004_001_00000</latestFileVer>
						<newFileUrl>https://www.omronconnect.com/download/Common/Term_Commu_Set/20180827/Oppo_R7_Plus.xml</newFileUrl>
						<calculate>A346EFE6D78BA987BBC09E0E1B7BEC474FF94E5B0EEE6D8C7F1EC0107701DA81</calculate>
						<size>289</size>
					</app>
				</terminal>
				<terminal type="R7Plusm">
					<app>
						<minVer>005.000.00000</minVer>
						<maxVer>005.000.00000</maxVer>
						<latestFileVer>004_001_00000</latestFileVer>
						<newFileUrl>https://www.omronconnect.com/download/Common/Term_Commu_Set/20180827/Oppo_R7_Plusm.xml</newFileUrl>
						<calculate>00266723B694A4168AAA5AD60EBD4792D0E7EBAC6DE2995B77F3C2CD7754E83D</calculate>
						<size>289</size>
					</app>
				</terminal>
				<terminal type="R7005">
					<app>
						<minVer>005.000.00000</minVer>
						<maxVer>005.000.00000</maxVer>
						<latestFileVer>004_001_00000</latestFileVer>
						<newFileUrl>https://www.omronconnect.com/download/Common/Term_Commu_Set/20180827/Oppo_R7005.xml</newFileUrl>
						<calculate>DD3BA048C5C679C8634CB43BD77B743EDE794EA621B054B47C040DC52DB51329</calculate>
						<size>286</size>
					</app>
				</terminal>
				<terminal type="R7007">
					<app>
						<minVer>005.000.00000</minVer>
						<maxVer>005.000.00000</maxVer>
						<latestFileVer>004_001_00000</latestFileVer>
						<newFileUrl>https://www.omronconnect.com/download/Common/Term_Commu_Set/20180827/Oppo_R7007.xml</newFileUrl>
						<calculate>BD9980E998D0BDE7714DCAE0468348E44C60ED7834B9B0FF3E61456013A30034</calculate>
						<size>286</size>
					</app>
				</terminal>
				<terminal type="R7Plust">
					<app>
						<minVer>005.000.00000</minVer>
						<maxVer>005.000.00000</maxVer>
						<latestFileVer>004_001_00000</latestFileVer>
						<newFileUrl>https://www.omronconnect.com/download/Common/Term_Commu_Set/20180827/Oppo_R7Plust.xml</newFileUrl>
						<calculate>9CC1FCE36E4CCFE524AF6419C3FB7EDD36875FF97A3E0A510842FCD3FE698AA2</calculate>
						<size>288</size>
					</app>
				</terminal>
				<terminal type="R7c">
					<app>
						<minVer>005.000.00000</minVer>
						<maxVer>005.000.00000</maxVer>
						<latestFileVer>004_001_00000</latestFileVer>
						<newFileUrl>https://www.omronconnect.com/download/Common/Term_Commu_Set/20180827/Oppo_R7c.xml</newFileUrl>
						<calculate>1C13B97E352A8BDDCA60CE5262628833C02E0BCCD8485C8F208B30FC5FE29B9B</calculate>
						<size>284</size>
					</app>
				</terminal>
				<terminal type="R7f">
					<app>
						<minVer>005.000.00000</minVer>
						<maxVer>005.000.00000</maxVer>
						<latestFileVer>004_001_00000</latestFileVer>
						<newFileUrl>https://www.omronconnect.com/download/Common/Term_Commu_Set/20180827/Oppo_R7f.xml</newFileUrl>
						<calculate>7942F74AC8AAD7B13EEF8BB7749C2021753382CB54473E979B6DFE6C5966F2E8</calculate>
						<size>284</size>
					</app>
				</terminal>
				<terminal type="R7g">
					<app>
						<minVer>005.000.00000</minVer>
						<maxVer>005.000.00000</maxVer>
						<latestFileVer>004_001_00000</latestFileVer>
						<newFileUrl>https://www.omronconnect.com/download/Common/Term_Commu_Set/20180827/Oppo_R7g.xml</newFileUrl>
						<calculate>7E960DCED4F7C0173A7E6A8D9F4E681F8AC2A52C2B4EB90B8331C8B17BD7A317</calculate>
						<size>284</size>
					</app>
				</terminal>
				<terminal type="R7kc">
					<app>
						<minVer>005.000.00000</minVer>
						<maxVer>005.000.00000</maxVer>
						<latestFileVer>004_001_00000</latestFileVer>
						<newFileUrl>https://www.omronconnect.com/download/Common/Term_Commu_Set/20180827/Oppo_R7kc.xml</newFileUrl>
						<calculate>A6461AAA6AF79D5BBFBDE574B3ACAEA2002DF2D910E4A0F0A7C5E31A13B9BB54</calculate>
						<size>285</size>
					</app>
				</terminal>
				<terminal type="R7kt">
					<app>
						<minVer>005.000.00000</minVer>
						<maxVer>005.000.00000</maxVer>
						<latestFileVer>004_001_00000</latestFileVer>
						<newFileUrl>https://www.omronconnect.com/download/Common/Term_Commu_Set/20180827/Oppo_R7kt.xml</newFileUrl>
						<calculate>1845E2E5B1F3435A2C244036137298AC15DAC771483FBA77F5596409A53157DF</calculate>
						<size>285</size>
					</app>
				</terminal>
				<terminal type="OPPO R7s,R7s">
					<app>
						<minVer>005.000.00000</minVer>
						<maxVer>005.000.00000</maxVer>
						<latestFileVer>004_001_00000</latestFileVer>
						<newFileUrl>https://www.omronconnect.com/download/Common/Term_Commu_Set/20180827/Oppo_R7s.xml</newFileUrl>
						<calculate>A03A79904D6C89C21D7D6ACF63C01E3346CCCCE39F8D7698CE91EF3907513B50</calculate>
						<size>284</size>
					</app>
				</terminal>
				<terminal type="OPPO R7sPlus">
					<app>
						<minVer>005.000.00000</minVer>
						<maxVer>005.000.00000</maxVer>
						<latestFileVer>004_001_00000</latestFileVer>
						<newFileUrl>https://www.omronconnect.com/download/Common/Term_Commu_Set/20180827/Oppo_R7s_Plus.xml</newFileUrl>
						<calculate>CB5DABF32BAFBD48F3A28DE6209AB321EE3BBE6EEAA66FDD82D3CF59324ED34D</calculate>
						<size>289</size>
					</app>
				</terminal>
				<terminal type="R7sm">
					<app>
						<minVer>005.000.00000</minVer>
						<maxVer>005.000.00000</maxVer>
						<latestFileVer>004_001_00000</latestFileVer>
						<newFileUrl>https://www.omronconnect.com/download/Common/Term_Commu_Set/20180827/Oppo_R7sm.xml</newFileUrl>
						<calculate>1269596E909C50EE8DA9B127DDC7FA707C947FFC90744ED132772482057BC8DB</calculate>
						<size>285</size>
					</app>
				</terminal>
				<terminal type="R7st">
					<app>
						<minVer>005.000.00000</minVer>
						<maxVer>005.000.00000</maxVer>
						<latestFileVer>004_001_00000</latestFileVer>
						<newFileUrl>https://www.omronconnect.com/download/Common/Term_Commu_Set/20180827/Oppo_R7st.xml</newFileUrl>
						<calculate>C0D51CC713B27A15B29F206E37022759CB7AC996049F888189B08546E39FE866</calculate>
						<size>285</size>
					</app>
				</terminal>
				<terminal type="R7t">
					<app>
						<minVer>005.000.00000</minVer>
						<maxVer>005.000.00000</maxVer>
						<latestFileVer>004_001_00000</latestFileVer>
						<newFileUrl>https://www.omronconnect.com/download/Common/Term_Commu_Set/20180827/Oppo_R7t.xml</newFileUrl>
						<calculate>C9F95ED44CED22B0495D277270E21ABBD1366B753B7BD232EEFE360ADC4A6580</calculate>
						<size>285</size>
					</app>
				</terminal>
				<terminal type="R7kf">
					<app>
						<minVer>005.000.00000</minVer>
						<maxVer>005.000.00000</maxVer>
						<latestFileVer>004_001_00000</latestFileVer>
						<newFileUrl>https://www.omronconnect.com/download/Common/Term_Commu_Set/20180827/R7kf.xml</newFileUrl>
						<calculate>D1CCEACC10EC08E76AB09301A97251DFFE7A3AA8EAB7D961C62E2E018DE8996A</calculate>
						<size>280</size>
					</app>
				</terminal>
				<terminal type="R7plusf">
					<app>
						<minVer>005.000.00000</minVer>
						<maxVer>005.000.00000</maxVer>
						<latestFileVer>004_001_00000</latestFileVer>
						<newFileUrl>https://www.omronconnect.com/download/Common/Term_Commu_Set/20180827/R7plusf.xml</newFileUrl>
						<calculate>3DE72CAE39CBE37150772EACA161A199125749FC19C750CD8F41C9DB76548FAD</calculate>
						<size>283</size>
					</app>
				</terminal>
				<terminal type="R7sf">
					<app>
						<minVer>005.000.00000</minVer>
						<maxVer>005.000.00000</maxVer>
						<latestFileVer>004_001_00000</latestFileVer>
						<newFileUrl>https://www.omronconnect.com/download/Common/Term_Commu_Set/20180827/R7sf.xml</newFileUrl>
						<calculate>BC240F4D9D7C779D555673060C25D31C0DDACF9AFC83C0200B778E1975C34EBF</calculate>
						<size>280</size>
					</app>
				</terminal>
				<terminal type="SO-02E">
					<app>
						<minVer>005.000.00000</minVer>
						<maxVer>005.000.00000</maxVer>
						<latestFileVer>004_001_00000</latestFileVer>
						<newFileUrl>https://www.omronconnect.com/download/Common/Term_Commu_Set/20180827/SO-02E.xml</newFileUrl>
						<calculate>F45275C7E9F600F6CBF2E59CFD15B37B4AAFF5112F7BBE9C2E9BF44C190A79D3</calculate>
						<size>236</size>
					</app>
				</terminal>
				<terminal type="SC-01F,SC-02F,SCL22,SM-N900,SM-N9000Q,SM-N9005,SM-N9006,SM-N9008V,SM-N9009,SM-N900U,SAMSUNG-SM-N900A,SM-N900W8,SM-N900K,SM-N900L,SM-N900S,SM-N900P,SM-N900T,SM-N900R4,SM-N900V,SM-N9007">
					<app>
						<minVer>005.000.00000</minVer>
						<maxVer>005.000.00000</maxVer>
						<latestFileVer>004_001_00000</latestFileVer>
						<newFileUrl>https://www.omronconnect.com/download/Common/Term_Commu_Set/20180827/Samsung_Galaxy_Note3.xml</newFileUrl>
						<calculate>B12FC2511D768493A700B9AB7C8770BD61F619D4FD1825898E6B583C454813F3</calculate>
						<size>299</size>
					</app>
				</terminal>
				<terminal type="SM-N9002,SM-N9008">
					<app>
						<minVer>005.000.00000</minVer>
						<maxVer>005.000.00000</maxVer>
						<latestFileVer>004_001_00000</latestFileVer>
						<newFileUrl>https://www.omronconnect.com/download/Common/Term_Commu_Set/20180827/Samsung_Galaxy_Note3_Duos.xml</newFileUrl>
						<calculate>69642AB7F37BCB1ECB808AAF7850F3271BFCD78F13CA07142890E51B07366988</calculate>
						<size>304</size>
					</app>
				</terminal>
				<terminal type="SM-N750K,SM-N750L,SM-N750S,SM-N750,SM-N7500Q,SM-N7502,SM-N7505,SM-N7505L,SM-N7507">
					<app>
						<minVer>005.000.00000</minVer>
						<maxVer>005.000.00000</maxVer>
						<latestFileVer>004_001_00000</latestFileVer>
						<newFileUrl>https://www.omronconnect.com/download/Common/Term_Commu_Set/20180827/Samsung_Galaxy_Note3_Neo.xml</newFileUrl>
						<calculate>3DCD79666B261B23CB5968962E0D0564B67E942F92443FA54A73C1988BFBC60F</calculate>
						<size>303</size>
					</app>
				</terminal>
				<terminal type="SM-N916K,SM-N916L,SM-N916S,SM-N910H,SM-N910C,SM-N910K,SM-N910L,SM-N910S,SM-N910U,SM-N910F,SM-N910G,SM-N910X,SAMSUNG-SM-N910A,SM-N910W8,SM-N9100,SM-N9106W,SM-N9108V,SM-N9109W,SM-N910P,SM-N910T,SM-N910T2,SM-N910T3,SM-N910R4,SM-N910V">
					<app>
						<minVer>005.000.00000</minVer>
						<maxVer>005.000.00000</maxVer>
						<latestFileVer>004_001_00000</latestFileVer>
						<newFileUrl>https://www.omronconnect.com/download/Common/Term_Commu_Set/20180827/Samsung_Galaxy_Note4.xml</newFileUrl>
						<calculate>0A9DACE756D9DDE57ECD243753D2267DE42A8808858817B321AE0C61BF560C6B</calculate>
						<size>249</size>
					</app>
				</terminal>
				<terminal type="SC-04F,SCL23,SM-G900H,SM-G9008W,SM-G9009W,SM-G900F,SM-G900FQ,SM-G900I,SM-G900M,SM-G900MD,SM-G900T1,SM-G900T4,SM-G900R7,SAMSUNG-SM-G900AZ,SAMSUNG-SM-G900A,SM-G900W8,SM-G9006W,SM-G900K,SM-G900L,SM-G900R6,SM-G900S,SM-G900P,SM-S903VL,SM-G900T,SM-G900T3,SM-G900R4,SM-G900V,SM-G900X,SM-G906K,SM-G906L,SM-G906S">
					<app>
						<minVer>005.000.00000</minVer>
						<maxVer>005.000.00000</maxVer>
						<latestFileVer>004_001_00000</latestFileVer>
						<newFileUrl>https://www.omronconnect.com/download/Common/Term_Commu_Set/20180827/Samsung_Galaxy_S5.xml</newFileUrl>
						<calculate>2B8A508FB6A3B350DEB7DE8C03F3DDEE1DB0FE044A7869CE3FA29CC5CBC330A7</calculate>
						<size>296</size>
					</app>
				</terminal>
				<terminal type="SC-02G,SM-G870F0,SM-G870F,SAMSUNG-SM-G870A,SM-G870W">
					<app>
						<minVer>005.000.00000</minVer>
						<maxVer>005.000.00000</maxVer>
						<latestFileVer>004_001_00000</latestFileVer>
						<newFileUrl>https://www.omronconnect.com/download/Common/Term_Commu_Set/20180827/Samsung_Galaxy_S5_Active.xml</newFileUrl>
						<calculate>0E1E92A8F3B53AF7D652B5E7157D5D2FF1CDB4067D358C599E0123AF40BF1E3C</calculate>
						<size>303</size>
					</app>
				</terminal>
				<terminal type="SM-G900FD">
					<app>
						<minVer>005.000.00000</minVer>
						<maxVer>005.000.00000</maxVer>
						<latestFileVer>004_001_00000</latestFileVer>
						<newFileUrl>https://www.omronconnect.com/download/Common/Term_Commu_Set/20180827/Samsung_Galaxy_S5_Dual_SIM.xml</newFileUrl>
						<calculate>C6B0A6BCD061E0E73B420B6D81C6E28049C4B31C427ECC546EC0CB8E8F99CAAF</calculate>
						<size>305</size>
					</app>
				</terminal>
				<terminal type="SM-G900FG">
					<app>
						<minVer>005.000.00000</minVer>
						<maxVer>005.000.00000</maxVer>
						<latestFileVer>004_001_00000</latestFileVer>
						<newFileUrl>https://www.omronconnect.com/download/Common/Term_Commu_Set/20180827/Samsung_Galaxy_S5_Google_Play_Edition.xml</newFileUrl>
						<calculate>40E29483170048E1EF23C3109FCC314FA0EAB1C580AA384741DE8FC623671147</calculate>
						<size>316</size>
					</app>
				</terminal>
				<terminal type="SM-G860P">
					<app>
						<minVer>005.000.00000</minVer>
						<maxVer>005.000.00000</maxVer>
						<latestFileVer>004_001_00000</latestFileVer>
						<newFileUrl>https://www.omronconnect.com/download/Common/Term_Commu_Set/20180827/Samsung_Galaxy_S5_K_Sport.xml</newFileUrl>
						<calculate>5D1D35661CF30CE5018562A6959CEF7692E8F8C6C2E193833BBB4C5F1BC28565</calculate>
						<size>304</size>
					</app>
				</terminal>
				<terminal type="SM-G901F">
					<app>
						<minVer>005.000.00000</minVer>
						<maxVer>005.000.00000</maxVer>
						<latestFileVer>004_001_00000</latestFileVer>
						<newFileUrl>https://www.omronconnect.com/download/Common/Term_Commu_Set/20180827/Samsung_Galaxy_S5_LTE-A.xml</newFileUrl>
						<calculate>BA2E688EA9EEC7E4F789C5915DB5827361FBC3CE9F0B1D4502A76EDB3F003BBF</calculate>
						<size>302</size>
					</app>
				</terminal>
				<terminal type="SM-G800H,SM-G800R4">
					<app>
						<minVer>005.000.00000</minVer>
						<maxVer>005.000.00000</maxVer>
						<latestFileVer>004_001_00000</latestFileVer>
						<newFileUrl>https://www.omronconnect.com/download/Common/Term_Commu_Set/20180827/Samsung_Galaxy_S5_Mini.xml</newFileUrl>
						<calculate>DFAAED67F984C43C93D5680E2BF7FD51CF57BA876AA70226E48D1BDEDDAF7B0A</calculate>
						<size>301</size>
					</app>
				</terminal>
				<terminal type="SM-G903F,SM-G903M,SM-G903W">
					<app>
						<minVer>005.000.00000</minVer>
						<maxVer>005.000.00000</maxVer>
						<latestFileVer>004_001_00000</latestFileVer>
						<newFileUrl>https://www.omronconnect.com/download/Common/Term_Commu_Set/20180827/Samsung_Galaxy_S5_Neo.xml</newFileUrl>
						<calculate>2175E35DF1CFC00221761BC892C270278DA06020FD89EBE799F2E4FC561CB06A</calculate>
						<size>300</size>
					</app>
				</terminal>
				<terminal type="SM-G800HQ,SM-G800F,SM-G800M,SM-G800Y,SAMSUNG-SM-G800A,SM-G800X">
					<app>
						<minVer>005.000.00000</minVer>
						<maxVer>005.000.00000</maxVer>
						<latestFileVer>004_001_00000</latestFileVer>
						<newFileUrl>https://www.omronconnect.com/download/Common/Term_Commu_Set/20180827/Samsung_Galaxy_S5_mini_.xml</newFileUrl>
						<calculate>6588F6EAD915B9C42F82C0234E97C23E0E19A6BCEF9984BCD51EB0AC28641B9B</calculate>
						<size>301</size>
					</app>
				</terminal>
				<terminal type="SHL25">
					<app>
						<minVer>005.000.00000</minVer>
						<maxVer>005.000.00000</maxVer>
						<latestFileVer>004_001_00000</latestFileVer>
						<newFileUrl>https://www.omronconnect.com/download/Common/Term_Commu_Set/20180827/Sharp_AQUOS_SERIE_SHL25.xml</newFileUrl>
						<calculate>57CC25F36B47303F80FDFE657B19F24DF6CBE72D2B2FE0FB82EBE18E6A0E8499</calculate>
						<size>330</size>
					</app>
				</terminal>
				<terminal type="SO-04F">
					<app>
						<minVer>005.000.00000</minVer>
						<maxVer>005.000.00000</maxVer>
						<latestFileVer>004_001_00000</latestFileVer>
						<newFileUrl>https://www.omronconnect.com/download/Common/Term_Commu_Set/20180827/Sony_Xperia_A2.xml</newFileUrl>
						<calculate>13472981CB40779931A92EA4F993FB8D3336F58E15E7C7469F3E39CF2F3B2827</calculate>
						<size>245</size>
					</app>
				</terminal>
				<terminal type="C6602,C6603,C6606,C6616,L36h">
					<app>
						<minVer>005.000.00000</minVer>
						<maxVer>005.000.00000</maxVer>
						<latestFileVer>004_001_00000</latestFileVer>
						<newFileUrl>https://www.omronconnect.com/download/Common/Term_Commu_Set/20180827/Sony_Xperia_Z.xml</newFileUrl>
						<calculate>6117D85AC83246D0450593DF072F9A860E2A96F44A5BCEA4BB0027B995136D58</calculate>
						<size>243</size>
					</app>
				</terminal>
				<terminal type="C6802,C6833,C6843,SGP412,SOL24,XL39h">
					<app>
						<minVer>005.000.00000</minVer>
						<maxVer>005.000.00000</maxVer>
						<latestFileVer>004_001_00000</latestFileVer>
						<newFileUrl>https://www.omronconnect.com/download/Common/Term_Commu_Set/20180827/Sony_Xperia_Z_Ultra.xml</newFileUrl>
						<calculate>20AB3949801EACC8C5EEA181C02E511127A5EFFD0BA85790A18E5AABB058431D</calculate>
						<size>250</size>
					</app>
				</terminal>
				<terminal type="C6902,C6916,L39h,L39t,L39u,SO-01F,SOL23">
					<app>
						<minVer>005.000.00000</minVer>
						<maxVer>005.000.00000</maxVer>
						<latestFileVer>004_001_00000</latestFileVer>
						<newFileUrl>https://www.omronconnect.com/download/Common/Term_Commu_Set/20180827/Sony_Xperia_Z1.xml</newFileUrl>
						<calculate>CCA61D3A6349189E567B5CD38714E282AC5D6EA4007583B955817C1A7E22F463</calculate>
						<size>244</size>
					</app>
				</terminal>
				<terminal type="SO-02F">
					<app>
						<minVer>005.000.00000</minVer>
						<maxVer>005.000.00000</maxVer>
						<latestFileVer>004_001_00000</latestFileVer>
						<newFileUrl>https://www.omronconnect.com/download/Common/Term_Commu_Set/20180827/Sony_Xperia_Z1f.xml</newFileUrl>
						<calculate>3BCF1777126486A72FD304B0E1FB7468FFDE55BCC646D995472248C9C57BB099</calculate>
						<size>245</size>
					</app>
				</terminal>
				<terminal type="401SO,D6603,D6616,D6643,D6646,D6653,SO-01G,SOL26">
					<app>
						<minVer>005.000.00000</minVer>
						<maxVer>005.000.00000</maxVer>
						<latestFileVer>004_001_00000</latestFileVer>
						<newFileUrl>https://www.omronconnect.com/download/Common/Term_Commu_Set/20180827/Sony_Xperia_Z3.xml</newFileUrl>
						<calculate>B4AE8424BC5BE37E667CB10D61CF97C5F3369564012F04B9D78FCD920E17B731</calculate>
						<size>293</size>
					</app>
				</terminal>
				<terminal type="2014502,HM 2A">
					<app>
						<minVer>005.000.00000</minVer>
						<maxVer>005.000.00000</maxVer>
						<latestFileVer>004_001_00000</latestFileVer>
						<newFileUrl>https://www.omronconnect.com/download/Common/Term_Commu_Set/20180827/Xiaomi_HM_2A.xml</newFileUrl>
						<calculate>6E9B93994B632C56B646E8C53158FC8FB6EAAFF450CB8AB475E6524AA6AA7460</calculate>
						<size>316</size>
					</app>
				</terminal>
				<terminal type="2014819">
					<app>
						<minVer>005.000.00000</minVer>
						<maxVer>005.000.00000</maxVer>
						<latestFileVer>004_001_00000</latestFileVer>
						<newFileUrl>https://www.omronconnect.com/download/Common/Term_Commu_Set/20180827/Xiaomi_HM_2LTE-BR.xml</newFileUrl>
						<calculate>FFC6761DF264088F6A2B17EBEF3BE0377B800DC1E0C18B666442DC87E2F50729</calculate>
						<size>321</size>
					</app>
				</terminal>
				<terminal type="2014813">
					<app>
						<minVer>005.000.00000</minVer>
						<maxVer>005.000.00000</maxVer>
						<latestFileVer>004_001_00000</latestFileVer>
						<newFileUrl>https://www.omronconnect.com/download/Common/Term_Commu_Set/20180827/Xiaomi_HM_2LTE-CMCC.xml</newFileUrl>
						<calculate>3FADC4AB6F024E199FE37B6848EE5CB7200238B7132A62EE57FFDEC95303F69E</calculate>
						<size>323</size>
					</app>
				</terminal>
				<terminal type="2014812">
					<app>
						<minVer>005.000.00000</minVer>
						<maxVer>005.000.00000</maxVer>
						<latestFileVer>004_001_00000</latestFileVer>
						<newFileUrl>https://www.omronconnect.com/download/Common/Term_Commu_Set/20180827/Xiaomi_HM_2LTE-CT.xml</newFileUrl>
						<calculate>356AE6D6EFD6758670A565E42EF89324F84263939257103D9118021E1024DEA0</calculate>
						<size>321</size>
					</app>
				</terminal>
				<terminal type="2014811">
					<app>
						<minVer>005.000.00000</minVer>
						<maxVer>005.000.00000</maxVer>
						<latestFileVer>004_001_00000</latestFileVer>
						<newFileUrl>https://www.omronconnect.com/download/Common/Term_Commu_Set/20180827/Xiaomi_HM_2LTE-CU.xml</newFileUrl>
						<calculate>6E9B93994B632C56B646E8C53158FC8FB6EAAFF450CB8AB475E6524AA6AA7460</calculate>
						<size>316</size>
					</app>
				</terminal>
				<terminal type="2014818">
					<app>
						<minVer>005.000.00000</minVer>
						<maxVer>005.000.00000</maxVer>
						<latestFileVer>004_001_00000</latestFileVer>
						<newFileUrl>https://www.omronconnect.com/download/Common/Term_Commu_Set/20180827/Xiaomi_HM_2LTE-IN.xml</newFileUrl>
						<calculate>6E9B93994B632C56B646E8C53158FC8FB6EAAFF450CB8AB475E6524AA6AA7460</calculate>
						<size>316</size>
					</app>
				</terminal>
				<terminal type="2014817">
					<app>
						<minVer>005.000.00000</minVer>
						<maxVer>005.000.00000</maxVer>
						<latestFileVer>004_001_00000</latestFileVer>
						<newFileUrl>https://www.omronconnect.com/download/Common/Term_Commu_Set/20180827/Xiaomi_HM_2LTE-SA.xml</newFileUrl>
						<calculate>1CAC594394485FDA4C5237EC42EC7B9D8049D11A5CE2A563415356C4C2F31987</calculate>
						<size>321</size>
					</app>
				</terminal>
				<terminal type="HM NOTE 1LTE,HM NOTE 1LTETD,HM NOTE 1LTEW">
					<app>
						<minVer>005.000.00000</minVer>
						<maxVer>005.000.00000</maxVer>
						<latestFileVer>004_001_00000</latestFileVer>
						<newFileUrl>https://www.omronconnect.com/download/Common/Term_Commu_Set/20180827/Xiaomi_HM_NOTE_1LTETD.xml</newFileUrl>
						<calculate>73170E38F5E9DFF196EE66164D2EA08CD60E53F83C2FB1FE1F58D5AB214FC9FA</calculate>
						<size>299</size>
					</app>
				</terminal>
				<terminal type="MI 4C,MI 4LTE,MI 4W">
					<app>
						<minVer>005.000.00000</minVer>
						<maxVer>005.000.00000</maxVer>
						<latestFileVer>004_001_00000</latestFileVer>
						<newFileUrl>https://www.omronconnect.com/download/Common/Term_Commu_Set/20180827/Xiaomi_MI_4LTE.xml</newFileUrl>
						<calculate>95E2C682C21919A6CE686B0E17CAD2525A68473ADE883FC17D353FFA709C8D8C</calculate>
						<size>292</size>
					</app>
				</terminal>
				<terminal type="m1 note">
					<app>
						<minVer>005.000.00000</minVer>
						<maxVer>005.000.00000</maxVer>
						<latestFileVer>004_001_00000</latestFileVer>
						<newFileUrl>https://www.omronconnect.com/download/Common/Term_Commu_Set/20180827/m1_note.xml</newFileUrl>
						<calculate>88186B55627D5CAF2B200CE3A261834DA48075BD33F76C86D46C5C49D8BEC8CB</calculate>
						<size>358</size>
					</app>
				</terminal>
				<terminal type="vivo Xplay3S">
					<app>
						<minVer>005.000.00000</minVer>
						<maxVer>005.000.00000</maxVer>
						<latestFileVer>004_001_00000</latestFileVer>
						<newFileUrl>https://www.omronconnect.com/download/Common/Term_Commu_Set/20180827/vivo_Xplay3S.xml</newFileUrl>
						<calculate>042425A5F2900368E38755837FED37CB632B0EAC8C67907A60A8C1E96696B08A</calculate>
						<size>242</size>
					</app>
				</terminal>
			</file>
		</individual>

		<dev>
			<file name="Device">
				<device type="013">
					<app>
						<minVer>001.000.00000</minVer>
						<maxVer>010.000.00000</maxVer>
						<latestFileVer>001_000_00001</latestFileVer>
						<newFileUrl>https://www.omronconnect.com/download/Device/Device_001_001_00000.zip</newFileUrl>
						<calculate>DC9013A107BE33A8656F9FFFA7BC607BE6E08F7CB011075188BE60A999E6DEC9</calculate>
					</app>
				</device>
				<device type="014">
					<app>
						<minVer>001.000.00000</minVer>
						<maxVer>010.000.00000</maxVer>
						<latestFileVer>001_000_00001</latestFileVer>
						<newFileUrl>https://www.omronconnect.com/download/Device/Device_001_001_00000.zip</newFileUrl>
						<calculate>DC9013A107BE33A8656F9FFFA7BC607BE6E08F7CB011075188BE60A999E6DEC9</calculate>
					</app>
				</device>
				<device type="015">
					<app>
						<minVer>001.000.00000</minVer>
						<maxVer>010.000.00000</maxVer>
						<latestFileVer>001_000_00001</latestFileVer>
						<newFileUrl>https://www.omronconnect.com/download/Device/Device_001_001_00000.zip</newFileUrl>
						<calculate>DC9013A107BE33A8656F9FFFA7BC607BE6E08F7CB011075188BE60A999E6DEC9</calculate>
					</app>
				</device>
				<device type="016">
					<app>
						<minVer>001.000.00000</minVer>
						<maxVer>010.000.00000</maxVer>
						<latestFileVer>001_000_00001</latestFileVer>
						<newFileUrl>https://www.omronconnect.com/download/Device/Device_001_001_00000.zip</newFileUrl>
						<calculate>DC9013A107BE33A8656F9FFFA7BC607BE6E08F7CB011075188BE60A999E6DEC9</calculate>
					</app>
				</device>
				<device type="017">
					<app>
						<minVer>001.000.00000</minVer>
						<maxVer>010.000.00000</maxVer>
						<latestFileVer>001_000_00001</latestFileVer>
						<newFileUrl>https://www.omronconnect.com/download/Device/Device_001_001_00000.zip</newFileUrl>
						<calculate>DC9013A107BE33A8656F9FFFA7BC607BE6E08F7CB011075188BE60A999E6DEC9</calculate>
					</app>
				</device>
				<device type="018">
					<app>
						<minVer>001.000.00000</minVer>
						<maxVer>010.000.00000</maxVer>
						<latestFileVer>001_000_00001</latestFileVer>
						<newFileUrl>https://www.omronconnect.com/download/Device/Device_001_001_00000.zip</newFileUrl>
						<calculate>DC9013A107BE33A8656F9FFFA7BC607BE6E08F7CB011075188BE60A999E6DEC9</calculate>
					</app>
				</device>
				<device type="019">
					<app>
						<minVer>001.000.00000</minVer>
						<maxVer>010.000.00000</maxVer>
						<latestFileVer>001_000_00001</latestFileVer>
						<newFileUrl>https://www.omronconnect.com/download/Device/Device_001_001_00000.zip</newFileUrl>
						<calculate>DC9013A107BE33A8656F9FFFA7BC607BE6E08F7CB011075188BE60A999E6DEC9</calculate>
					</app>
				</device>
				<device type="020">
					<app>
						<minVer>001.000.00000</minVer>
						<maxVer>010.000.00000</maxVer>
						<latestFileVer>001_000_00001</latestFileVer>
						<newFileUrl>https://www.omronconnect.com/download/Device/Device_001_001_00000.zip</newFileUrl>
						<calculate>DC9013A107BE33A8656F9FFFA7BC607BE6E08F7CB011075188BE60A999E6DEC9</calculate>
					</app>
				</device>
				<device type="021">
					<app>
						<minVer>001.000.00000</minVer>
						<maxVer>010.000.00000</maxVer>
						<latestFileVer>001_000_00001</latestFileVer>
						<newFileUrl>https://www.omronconnect.com/download/Device/Device_001_001_00000.zip</newFileUrl>
						<calculate>DC9013A107BE33A8656F9FFFA7BC607BE6E08F7CB011075188BE60A999E6DEC9</calculate>
					</app>
				</device>
				<device type="022">
					<app>
						<minVer>001.000.00000</minVer>
						<maxVer>010.000.00000</maxVer>
						<latestFileVer>001_000_00001</latestFileVer>
						<newFileUrl>https://www.omronconnect.com/download/Device/Device_001_001_00000.zip</newFileUrl>
						<calculate>DC9013A107BE33A8656F9FFFA7BC607BE6E08F7CB011075188BE60A999E6DEC9</calculate>
					</app>
				</device>
				<device type="023">
					<app>
						<minVer>001.000.00000</minVer>
						<maxVer>010.000.00000</maxVer>
						<latestFileVer>001_000_00001</latestFileVer>
						<newFileUrl>https://www.omronconnect.com/download/Device/Device_001_001_00000.zip</newFileUrl>
						<calculate>DC9013A107BE33A8656F9FFFA7BC607BE6E08F7CB011075188BE60A999E6DEC9</calculate>
					</app>
				</device>
				<device type="024">
					<app>
						<minVer>001.000.00000</minVer>
						<maxVer>010.000.00000</maxVer>
						<latestFileVer>001_000_00001</latestFileVer>
						<newFileUrl>https://www.omronconnect.com/download/Device/Device_001_001_00000.zip</newFileUrl>
						<calculate>DC9013A107BE33A8656F9FFFA7BC607BE6E08F7CB011075188BE60A999E6DEC9</calculate>
					</app>
				</device>
				<device type="039">
					<app>
						<minVer>001.000.00000</minVer>
						<maxVer>010.000.00000</maxVer>
						<latestFileVer>001_000_00001</latestFileVer>
						<newFileUrl>https://www.omronconnect.com/download/Device/Device_001_001_00000.zip</newFileUrl>
						<calculate>DC9013A107BE33A8656F9FFFA7BC607BE6E08F7CB011075188BE60A999E6DEC9</calculate>
					</app>
				</device>
				<device type="040">
					<app>
						<minVer>001.000.00000</minVer>
						<maxVer>010.000.00000</maxVer>
						<latestFileVer>001_000_00001</latestFileVer>
						<newFileUrl>https://www.omronconnect.com/download/Device/Device_001_001_00000.zip</newFileUrl>
						<calculate>DC9013A107BE33A8656F9FFFA7BC607BE6E08F7CB011075188BE60A999E6DEC9</calculate>
					</app>
				</device>
				<device type="044">
					<app>
						<minVer>001.000.00000</minVer>
						<maxVer>010.000.00000</maxVer>
						<latestFileVer>001_001_00000</latestFileVer>
						<newFileUrl>https://www.omronconnect.com/download/Device/Device_001_001_00000.zip</newFileUrl>
						<calculate>DC9013A107BE33A8656F9FFFA7BC607BE6E08F7CB011075188BE60A999E6DEC9</calculate>
					</app>
				</device>
				<device type="055">
					<app>
						<minVer>001.000.00000</minVer>
						<maxVer>010.000.00000</maxVer>
						<latestFileVer>001_001_00000</latestFileVer>
						<newFileUrl>https://www.omronconnect.com/download/Device/Device_001_001_00000.zip</newFileUrl>
						<calculate>DC9013A107BE33A8656F9FFFA7BC607BE6E08F7CB011075188BE60A999E6DEC9</calculate>
					</app>
				</device>
				<device type="067">
					<app>
						<minVer>001.000.00000</minVer>
						<maxVer>010.000.00000</maxVer>
						<latestFileVer>001_001_00000</latestFileVer>
						<newFileUrl>https://www.omronconnect.com/download/Device/Device_001_001_00000.zip</newFileUrl>
						<calculate>DC9013A107BE33A8656F9FFFA7BC607BE6E08F7CB011075188BE60A999E6DEC9</calculate>
					</app>
				</device>
				<device type="069">
					<app>
						<minVer>001.000.00000</minVer>
						<maxVer>010.000.00000</maxVer>
						<latestFileVer>001_001_00000</latestFileVer>
						<newFileUrl>https://www.omronconnect.com/download/Device/Device_001_001_00000.zip</newFileUrl>
						<calculate>DC9013A107BE33A8656F9FFFA7BC607BE6E08F7CB011075188BE60A999E6DEC9</calculate>
					</app>
				</device>
				<device type="071">
					<app>
						<minVer>001.000.00000</minVer>
						<maxVer>010.000.00000</maxVer>
						<latestFileVer>001_001_00000</latestFileVer>
						<newFileUrl>https://www.omronconnect.com/download/Device/Device_001_001_00000.zip</newFileUrl>
						<calculate>DC9013A107BE33A8656F9FFFA7BC607BE6E08F7CB011075188BE60A999E6DEC9</calculate>
					</app>
				</device>
			</file>

			<file name="DevGuide">
				<device type="013">
					<os type="Android">
						<app>
							<minVer>001.000.00000</minVer>
							<maxVer>010.000.00000</maxVer>
							<latestFileVer>001_000_00000</latestFileVer>
							<deviceGuideFiles>https://www.omronconnect.com/download/Device/HEM/7600T/HEM-7600T-Guide_A_001_000_00000.zip</deviceGuideFiles>
							<calculate>408F42E0F9F16B7611AE0582FC21C342E65AB4509F381A2B44CBFC8E1DD9DF65</calculate>
						</app>
					</os>
					<os type="iOS">
						<app>
							<minVer>001.000.00000</minVer>
							<maxVer>010.000.00000</maxVer>
							<latestFileVer>001_000_00000</latestFileVer>
							<deviceGuideFiles>https://www.omronconnect.com/download/Device/HEM/7600T/HEM-7600T-Guide_i_001_000_00000.zip</deviceGuideFiles>
							<calculate>8D41E0201F4552B33E3E2D38320BB27461BAF474945A4B5BCDEBEF1867CFAB44</calculate>
						</app>
					</os>
				</device>
				<device type="014">
					<os type="Android">
						<app>
							<minVer>001.000.00000</minVer>
							<maxVer>010.000.00000</maxVer>
							<latestFileVer>001_000_00000</latestFileVer>
							<deviceGuideFiles>https://www.omronconnect.com/download/Device/HEM/7321T/HEM-7321T-Guide_A_001_000_00000.zip</deviceGuideFiles>
							<calculate>B852ADC70ACCC5D2C0F03B6FA2F298AD892BCE3EF475AF6FC213D036CA04F577</calculate>
						</app>
					</os>
					<os type="iOS">
						<app>
							<minVer>001.000.00000</minVer>
							<maxVer>010.000.00000</maxVer>
							<latestFileVer>001_000_00000</latestFileVer>
							<deviceGuideFiles>https://www.omronconnect.com/download/Device/HEM/7321T/HEM-7321T-Guide_i_001_000_00000.zip</deviceGuideFiles>
							<calculate>341031630F6E9CAA94C0074FBA3603577D304D0F7A4E7AEAE106232701D76832</calculate>
						</app>
					</os>
				</device>
				<device type="015">
					<os type="Android">
						<app>
							<minVer>001.000.00000</minVer>
							<maxVer>010.000.00000</maxVer>
							<latestFileVer>001_000_00000</latestFileVer>
							<deviceGuideFiles>https://www.omronconnect.com/download/Device/HEM/7321T/HEM-7321T-Guide_A_001_000_00000.zip</deviceGuideFiles>
							<calculate>B852ADC70ACCC5D2C0F03B6FA2F298AD892BCE3EF475AF6FC213D036CA04F577</calculate>
						</app>
					</os>
					<os type="iOS">
						<app>
							<minVer>001.000.00000</minVer>
							<maxVer>010.000.00000</maxVer>
							<latestFileVer>001_000_00000</latestFileVer>
							<deviceGuideFiles>https://www.omronconnect.com/download/Device/HEM/7321T/HEM-7321T-Guide_i_001_000_00000.zip</deviceGuideFiles>
							<calculate>341031630F6E9CAA94C0074FBA3603577D304D0F7A4E7AEAE106232701D76832</calculate>
						</app>
					</os>
				</device>
				<device type="016">
					<os type="Android">
						<app>
							<minVer>001.000.00000</minVer>
							<maxVer>010.000.00000</maxVer>
							<latestFileVer>001_001_00000</latestFileVer>
							<deviceGuideFiles>https://www.omronconnect.com/download/Device/HEM/7320T/HEM-7320T-Guide_A_001_001_00000.zip</deviceGuideFiles>
							<calculate>E41296554CA60FC6885A24C7E622CCE0DE3C4F6705F67D67F6840A4FB9642401</calculate>
						</app>
					</os>
					<os type="iOS">
						<app>
							<minVer>001.000.00000</minVer>
							<maxVer>010.000.00000</maxVer>
							<latestFileVer>001_001_00000</latestFileVer>
							<deviceGuideFiles>https://www.omronconnect.com/download/Device/HEM/7320T/HEM-7320T-Guide_i_001_001_00000.zip</deviceGuideFiles>
							<calculate>DF5099E4C1234314CA101903EA2C3FC15DC170BFC051DCCB43E6499F98D52E91</calculate>
						</app>
					</os>
				</device>
				<device type="017">
					<os type="Android">
						<app>
							<minVer>001.000.00000</minVer>
							<maxVer>010.000.00000</maxVer>
							<latestFileVer>001_001_00000</latestFileVer>
							<deviceGuideFiles>https://www.omronconnect.com/download/Device/HEM/7320T/HEM-7320T-Guide_A_001_001_00000.zip</deviceGuideFiles>
							<calculate>E41296554CA60FC6885A24C7E622CCE0DE3C4F6705F67D67F6840A4FB9642401</calculate>
						</app>
					</os>
					<os type="iOS">
						<app>
							<minVer>001.000.00000</minVer>
							<maxVer>010.000.00000</maxVer>
							<latestFileVer>001_001_00000</latestFileVer>
							<deviceGuideFiles>https://www.omronconnect.com/download/Device/HEM/7320T/HEM-7320T-Guide_i_001_001_00000.zip</deviceGuideFiles>
							<calculate>DF5099E4C1234314CA101903EA2C3FC15DC170BFC051DCCB43E6499F98D52E91</calculate>
						</app>
					</os>
				</device>
				<device type="018">
					<os type="Android">
						<app>
							<minVer>001.000.00000</minVer>
							<maxVer>010.000.00000</maxVer>
							<latestFileVer>001_000_00000</latestFileVer>
							<deviceGuideFiles>https://www.omronconnect.com/download/Device/HEM/7321T_TI/HEM-7321T_TI-Guide_A_001_000_00000.zip</deviceGuideFiles>
							<calculate>3AEE123B7E6C33875F2F4046881449363B70C827D7C8F4215672DEE88F072A53</calculate>
						</app>
					</os>
					<os type="iOS">
						<app>
							<minVer>001.000.00000</minVer>
							<maxVer>010.000.00000</maxVer>
							<latestFileVer>001_000_00000</latestFileVer>
							<deviceGuideFiles>https://www.omronconnect.com/download/Device/HEM/7321T_TI/HEM-7321T_TI-Guide_i_001_000_00000.zip</deviceGuideFiles>
							<calculate>49E5865B0171CF2F6C986FCC359C02FD2FD3B659D871B91F301A4B074526C6F7</calculate>
						</app>
					</os>
				</device>
				<device type="019">
					<os type="Android">
						<app>
							<minVer>001.000.00000</minVer>
							<maxVer>010.000.00000</maxVer>
							<latestFileVer>001_000_00000</latestFileVer>
							<deviceGuideFiles>https://www.omronconnect.com/download/Device/HEM/7321T_TI/HEM-7321T_TI-Guide_A_001_000_00000.zip</deviceGuideFiles>
							<calculate>3AEE123B7E6C33875F2F4046881449363B70C827D7C8F4215672DEE88F072A53</calculate>
						</app>
					</os>
					<os type="iOS">
						<app>
							<minVer>001.000.00000</minVer>
							<maxVer>010.000.00000</maxVer>
							<latestFileVer>001_000_00000</latestFileVer>
							<deviceGuideFiles>https://www.omronconnect.com/download/Device/HEM/7321T_TI/HEM-7321T_TI-Guide_i_001_000_00000.zip</deviceGuideFiles>
							<calculate>49E5865B0171CF2F6C986FCC359C02FD2FD3B659D871B91F301A4B074526C6F7</calculate>
						</app>
					</os>
				</device>
				<device type="020">
					<os type="Android">
						<app>
							<minVer>001.000.00000</minVer>
							<maxVer>010.000.00000</maxVer>
							<latestFileVer>001_000_00000</latestFileVer>
							<deviceGuideFiles>https://www.omronconnect.com/download/Device/HEM/7320T_TI/HEM-7320T_TI-Guide_A_001_000_00000.zip</deviceGuideFiles>
							<calculate>3AEE123B7E6C33875F2F4046881449363B70C827D7C8F4215672DEE88F072A53</calculate>
						</app>
					</os>
					<os type="iOS">
						<app>
							<minVer>001.000.00000</minVer>
							<maxVer>010.000.00000</maxVer>
							<latestFileVer>001_000_00000</latestFileVer>
							<deviceGuideFiles>https://www.omronconnect.com/download/Device/HEM/7320T_TI/HEM-7320T_TI-Guide_i_001_000_00000.zip</deviceGuideFiles>
							<calculate>49E5865B0171CF2F6C986FCC359C02FD2FD3B659D871B91F301A4B074526C6F7</calculate>
						</app>
					</os>
				</device>
				<device type="021">
					<os type="Android">
						<app>
							<minVer>001.000.00000</minVer>
							<maxVer>010.000.00000</maxVer>
							<latestFileVer>001_000_00000</latestFileVer>
							<deviceGuideFiles>https://www.omronconnect.com/download/Device/HEM/7320T_TI/HEM-7320T_TI-Guide_A_001_000_00000.zip</deviceGuideFiles>
							<calculate>3AEE123B7E6C33875F2F4046881449363B70C827D7C8F4215672DEE88F072A53</calculate>
						</app>
					</os>
					<os type="iOS">
						<app>
							<minVer>001.000.00000</minVer>
							<maxVer>010.000.00000</maxVer>
							<latestFileVer>001_000_00000</latestFileVer>
							<deviceGuideFiles>https://www.omronconnect.com/download/Device/HEM/7320T_TI/HEM-7320T_TI-Guide_i_001_000_00000.zip</deviceGuideFiles>
							<calculate>49E5865B0171CF2F6C986FCC359C02FD2FD3B659D871B91F301A4B074526C6F7</calculate>
						</app>
					</os>
				</device>
				<device type="022">
					<os type="Android">
						<app>
							<minVer>001.000.00000</minVer>
							<maxVer>010.000.00000</maxVer>
							<latestFileVer>001_000_00000</latestFileVer>
							<deviceGuideFiles>https://www.omronconnect.com/download/Device/HEM/6320T/HEM-6320T-Guide_A_001_000_00000.zip</deviceGuideFiles>
							<calculate>6EC575CCD3F74B8DA49E24B9DEC4FE5901505D868C33FDD75B17EE66ACBD10C2</calculate>
						</app>
					</os>
					<os type="iOS">
						<app>
							<minVer>001.000.00000</minVer>
							<maxVer>010.000.00000</maxVer>
							<latestFileVer>001_000_00000</latestFileVer>
							<deviceGuideFiles>https://www.omronconnect.com/download/Device/HEM/6320T/HEM-6320T-Guide_i_001_000_00000.zip</deviceGuideFiles>
							<calculate>AB3157F8503D282F783092E0CFB80D6E7E6456A058721C9B2347FAA7D4474AFD</calculate>
						</app>
					</os>
				</device>
				<device type="023">
					<os type="Android">
						<app>
							<minVer>001.000.00000</minVer>
							<maxVer>010.000.00000</maxVer>
							<latestFileVer>001_000_00000</latestFileVer>
							<deviceGuideFiles>https://www.omronconnect.com/download/Device/HEM/6321T/HEM-6321T-Guide_A_001_000_00000.zip</deviceGuideFiles>
							<calculate>7CB0482EAFF34BCED95E9CBBBC4B9E58E5A3FAEA9E62597BAEEB6642BE42A785</calculate>
						</app>
					</os>
					<os type="iOS">
						<app>
							<minVer>001.000.00000</minVer>
							<maxVer>010.000.00000</maxVer>
							<latestFileVer>001_000_00000</latestFileVer>
							<deviceGuideFiles>https://www.omronconnect.com/download/Device/HEM/6321T/HEM-6321T-Guide_i_001_000_00000.zip</deviceGuideFiles>
							<calculate>F2E617C37CD1DC95709B33AA8D54DA52B560C4AEFE9AB412292EA2EC86AA7262</calculate>
						</app>
					</os>
				</device>
				<device type="024">
					<os type="Android">
						<app>
							<minVer>001.000.00000</minVer>
							<maxVer>010.000.00000</maxVer>
							<latestFileVer>001_000_00000</latestFileVer>
							<deviceGuideFiles>https://www.omronconnect.com/download/Device/HJ/327T/HJ-327T-Guide_A_001_000_00000.zip</deviceGuideFiles>
							<calculate>EA4A89D3E9AB3D4A7BBF2984D2CA6D38F6C9EFF0050879ADA680336987D5764C</calculate>
						</app>
					</os>
					<os type="iOS">
						<app>
							<minVer>001.000.00000</minVer>
							<maxVer>010.000.00000</maxVer>
							<latestFileVer>001_000_00000</latestFileVer>
							<deviceGuideFiles>https://www.omronconnect.com/download/Device/HJ/327T/HJ-327T-Guide_i_001_000_00000.zip</deviceGuideFiles>
							<calculate>A47A8CC82668AF043BFF9C855E3A9D30A7E31C990584220B1D81881A08A1D718</calculate>
						</app>
					</os>
				</device>
				<device type="039">
					<os type="Android">
						<app>
							<minVer>001.000.00000</minVer>
							<maxVer>010.000.00000</maxVer>
							<latestFileVer>001_000_00000</latestFileVer>
							<deviceGuideFiles>https://www.omronconnect.com/download/Device/HEM/6401T/HEM-6401T-Guide_A_001_000_00000.zip</deviceGuideFiles>
							<calculate>BC8D33FA104BD10E25240D394114EE60C33BDAF888B5AF3CD96512CF850D3A3A</calculate>
						</app>
					</os>
					<os type="iOS">
						<app>
							<minVer>001.000.00000</minVer>
							<maxVer>010.000.00000</maxVer>
							<latestFileVer>001_000_00000</latestFileVer>
							<deviceGuideFiles>https://www.omronconnect.com/download/Device/HEM/6401T/HEM-6401T-Guide_i_001_000_00000.zip</deviceGuideFiles>
							<calculate>9FCE9655E9AFF693DFAA888807AEC6D514E83DB4F4EE6B8A93DDDEA910711A5F</calculate>
						</app>
					</os>
				</device>
				<device type="040">
					<os type="Android">
						<app>
							<minVer>001.000.00000</minVer>
							<maxVer>010.000.00000</maxVer>
							<latestFileVer>001_001_00000</latestFileVer>
							<deviceGuideFiles>https://www.omronconnect.com/download/Device/HEM/6402T/HEM-6402T-Guide_A_001_001_00000.zip</deviceGuideFiles>
							<calculate>7F494E26F9F8EAFE618841128E5AAABFF6EE9CBDE2BC3CD80D7361F3A6CF50AA</calculate>
						</app>
					</os>
					<os type="iOS">
						<app>
							<minVer>001.000.00000</minVer>
							<maxVer>010.000.00000</maxVer>
							<latestFileVer>001_001_00000</latestFileVer>
							<deviceGuideFiles>https://www.omronconnect.com/download/Device/HEM/6402T/HEM-6402T-Guide_i_001_001_00000.zip</deviceGuideFiles>
							<calculate>9F0CBC0BAB3DBBEE31CB8C1359BDF6EA49BD8255B88D445D95A36795EEA368DA</calculate>
						</app>
					</os>
				</device>
				<device type="044">
					<os type="Android">
						<app>
							<minVer>001.000.00000</minVer>
							<maxVer>010.000.00000</maxVer>
							<latestFileVer>001_001_00000</latestFileVer>
							<deviceGuideFiles>https://www.omronconnect.com/download/Device/HEM/7320T/HEM-7320T-Guide_A_001_001_00000.zip</deviceGuideFiles>
							<calculate>E41296554CA60FC6885A24C7E622CCE0DE3C4F6705F67D67F6840A4FB9642401</calculate>
						</app>
					</os>
					<os type="iOS">
						<app>
							<minVer>001.000.00000</minVer>
							<maxVer>010.000.00000</maxVer>
							<latestFileVer>001_001_00000</latestFileVer>
							<deviceGuideFiles>https://www.omronconnect.com/download/Device/HEM/7320T/HEM-7320T-Guide_i_001_001_00000.zip</deviceGuideFiles>
							<calculate>DF5099E4C1234314CA101903EA2C3FC15DC170BFC051DCCB43E6499F98D52E91</calculate>
						</app>
					</os>
				</device>
				<device type="055">
					<os type="Android">
						<app>
							<minVer>003.005.00000</minVer>
							<maxVer>003.005.00000</maxVer>
							<latestFileVer>003_004_00002</latestFileVer>
							<deviceGuideFiles>https://www.omronconnect.com/download/Device/HEM/7139T/HEM-7139T-Guide_A_003_004_00002.zip</deviceGuideFiles>
							<calculate>EA97CA1714725E749DB3B034BEF7CAE9826004B387B319FB47AA2F7C34180520</calculate>
						</app>
					</os>
					<os type="iOS">
						<app>
							<minVer>003.005.00000</minVer>
							<maxVer>003.005.00000</maxVer>
							<latestFileVer>003_004_00002</latestFileVer>
							<deviceGuideFiles>https://www.omronconnect.com/download/Device/HEM/7139T/HEM-7139T-Guide_i_003_004_00002.zip</deviceGuideFiles>
							<calculate>DDD62A9BD87915D6DE2A5233D49A5022DE707299E959A757698F825B4CBD255B</calculate>
						</app>
					</os>
				</device>
				<device type="067">
					<os type="Android">
						<app>
							<minVer>001.000.00000</minVer>
							<maxVer>010.000.00000</maxVer>
							<latestFileVer>001_000_00000</latestFileVer>
							<deviceGuideFiles>https://www.omronconnect.com/download/Device/HEM/6410T/HEM-6410T-Guide_A_003_000_10000.zip</deviceGuideFiles>
							<calculate>231D3E305E76DA883E4E0B1EBB61C288673769F26893E4E7F72E949D06C855C3</calculate>
						</app>
					</os>
					<os type="iOS">
						<app>
							<minVer>001.000.00000</minVer>
							<maxVer>010.000.00000</maxVer>
							<latestFileVer>001_000_00000</latestFileVer>
							<deviceGuideFiles>https://www.omronconnect.com/download/Device/HEM/6410T/HEM-6410T-Guide_i_003_000_10000.zip</deviceGuideFiles>
							<calculate>2C88D529156A0B6B9FFC226614D93628B50C8BC96F9D10DAA1E751D3B02240ED</calculate>
						</app>
					</os>
				</device>
				<device type="078">
					<os type="Android">
						<app>
							<minVer>003.005.00000</minVer>
							<maxVer>003.005.00000</maxVer>
							<latestFileVer>003_005_00000</latestFileVer>
							<deviceGuideFiles>https://www.omronconnect.com/download/Device/HEM/7530T/HEM-7530T-Guide_A_003_005_00000.zip</deviceGuideFiles>
							<calculate>963DF1C61F32CC1781BF45B72756D7C1FB73541F647A5D6CF9BC2679AFC30B54</calculate>
						</app>
					</os>
					<os type="iOS">
						<app>
							<minVer>003.005.00000</minVer>
							<maxVer>003.005.00000</maxVer>
							<latestFileVer>003_005_00000</latestFileVer>
							<deviceGuideFiles>https://www.omronconnect.com/download/Device/HEM/7530T/HEM-7530T-Guide_i_003_005_00000.zip</deviceGuideFiles>
							<calculate>982CBBA1AF014DDCF85B6839D0E65BBF2ED51E84DF256BB5717A005C5C4058B6</calculate>
						</app>
					</os>
				</device>
				<device type="086">
					<os type="Android">
						<app>
							<minVer>003.005.00000</minVer>
							<maxVer>003.005.00000</maxVer>
							<latestFileVer>003_005_00000</latestFileVer>
							<deviceGuideFiles>https://www.omronconnect.com/download/Device/HBF/222T_Z/HBF-222T_Z-Guide_A_003_005_00000.zip</deviceGuideFiles>
							<calculate>A82229FD5D7CBDD749394C3E409D12FA5C755BCC147A49C8AAC0875700AAE333</calculate>
						</app>
					</os>
					<os type="iOS">
						<app>
							<minVer>003.005.00000</minVer>
							<maxVer>003.005.00000</maxVer>
							<latestFileVer>003_005_00000</latestFileVer>
							<deviceGuideFiles>https://www.omronconnect.com/download/Device/HBF/222T_Z/HBF-222T_Z-Guide_i_003_005_00000.zip</deviceGuideFiles>
							<calculate>15DAD7F413AEF4B5C4EFEDF4350437B064124012D027ECE773553DA55534596B</calculate>
						</app>
					</os>
				</device>
				<device type="20000">
					<os type="Android">
						<app>
							<minVer>003.005.00000</minVer>
							<maxVer>003.005.00000</maxVer>
							<latestFileVer>003_005_00000</latestFileVer>
							<deviceGuideFiles>https://www.omronconnect.com/download/Device/HWZ/1000T/HWZ-1000T-Guide_A_004_001_10000.zip</deviceGuideFiles>
							<calculate>A08A312DC8752EA0B16B30C1A64A7158D9E9BAF5C24D9DAAB079796F07562F11</calculate>
						</app>
					</os>
					<os type="iOS">
						<app>
							<minVer>003.005.00000</minVer>
							<maxVer>003.005.00000</maxVer>
							<latestFileVer>003_005_00000</latestFileVer>
							<deviceGuideFiles>https://www.omronconnect.com/download/Device/HWZ/1000T/HWZ-1000T-Guide_i_004_001_10000.zip</deviceGuideFiles>
							<calculate>E1081C5277F5066743D9C5246554C68109A7576346AB640836C97EAABBC31685</calculate>
						</app>
					</os>
				</device>
			</file>
		</dev>
	</data>
</body>

