<?xml version="1.0" encoding="UTF-8"?>
<body>
    <header>
        <lastUpdateDate>
            2018/04/24 00:00:00
        </lastUpdateDate>
        <fileVer>
            001_003_00001
        </fileVer>
    </header>
    
    <data>
        <devices>
            <device id="002">
                <modelName>P300 Intelli IT</modelName>
                <modelDisplayName>P300 Intelli IT</modelDisplayName>
                <modelSeries>Pulse Oximeter</modelSeries>
                <noOfUsers>1</noOfUsers>
                <category>0x0006</category>
                <deviceGroupIDKey>0x0006</deviceGroupIDKey>
                <deviceGroupIncludedGroupIDKey>0x0002</deviceGroupIncludedGroupIDKey>
                <identifier>HPO-300T</identifier>
                <deviceProtocol>OMRONSTPProtocol</deviceProtocol>
                <image>OmronConnectivityLibraryAssets.bundle/hpo_300t.png</image>
                <thumbnail>OmronConnectivityLibraryAssets.bundle/hpo_300t_thumbnail.png</thumbnail>
            </device>
            <device id="007">
                <modelName>OA5/MIT5 Connect</modelName>
                <modelDisplayName>OA5/MIT5 Connect</modelDisplayName>
                <modelSeries>OA5/MIT5 Connect</modelSeries>
                <noOfUsers>2</noOfUsers>
                <category>0x0000</category>
                <deviceGroupIDKey>0x0000</deviceGroupIDKey>
                <deviceGroupIncludedGroupIDKey>0x0213</deviceGroupIncludedGroupIDKey>
                <identifier>HEM-7280T_TI-D/E</identifier>
                <deviceProtocol>OMRONWLPProtocol</deviceProtocol>
                <image>OmronConnectivityLibraryAssets.bundle/oa5.png</image>
                <thumbnail>OmronConnectivityLibraryAssets.bundle/oa5_thumbnail.png</thumbnail>
            </device>
            <device id="010">
                <modelName>MIT5s Connect</modelName>
                <modelDisplayName>MIT5s Connect</modelDisplayName>
                <modelSeries>MIT5s Connect</modelSeries>
                <noOfUsers>2</noOfUsers>
                <category>0x0000</category>
                <deviceGroupIDKey>0x0000</deviceGroupIDKey>
                <deviceGroupIncludedGroupIDKey>0x0215</deviceGroupIncludedGroupIDKey>
                <identifier>HEM-7280T-E</identifier>
                <deviceProtocol>OMRONWLPProtocol</deviceProtocol>
                <image>OmronConnectivityLibraryAssets.bundle/mit5.png</image>
                <thumbnail>OmronConnectivityLibraryAssets.bundle/mit5_thumbnail.png</thumbnail>
            </device>
            <device id="011">
                <modelName>M700 Intelli IT</modelName>
                <modelDisplayName>M700 Intelli IT</modelDisplayName>
                <modelSeries>M7/M700 Intelli IT</modelSeries>
                <noOfUsers>2</noOfUsers>
                <category>0x0000</category>
                <deviceGroupIDKey>0x0000</deviceGroupIDKey>
                <deviceGroupIncludedGroupIDKey>0x0222</deviceGroupIncludedGroupIDKey>
                <identifier>HEM-7322T-D</identifier>
                <deviceProtocol>OMRONWLPProtocol</deviceProtocol>
                <image>OmronConnectivityLibraryAssets.bundle/m7.png</image>
                <thumbnail>OmronConnectivityLibraryAssets.bundle/m7_thumbnail.png</thumbnail>
            </device>
            <device id="012">
                <modelName>M7 Intelli IT</modelName>
                <modelDisplayName>M7 Intelli IT</modelDisplayName>
                <modelSeries>M7/M700 Intelli IT</modelSeries>
                <noOfUsers>2</noOfUsers>
                <category>0x0000</category>
                <deviceGroupIDKey>0x0000</deviceGroupIDKey>
                <deviceGroupIncludedGroupIDKey>0x0221</deviceGroupIncludedGroupIDKey>
                <identifier>HEM-7322T-E</identifier>
                <deviceProtocol>OMRONWLPProtocol</deviceProtocol>
                <image>OmronConnectivityLibraryAssets.bundle/m7.png</image>
                <thumbnail>OmronConnectivityLibraryAssets.bundle/m7_thumbnail.png</thumbnail>
            </device>
            <device id="041">
                <modelName>EVOLV</modelName>
                <modelDisplayName>EVOLV</modelDisplayName>
                <modelSeries>EVOLV</modelSeries>
                <noOfUsers>1</noOfUsers>
                <category>0x0000</category>
                <deviceGroupIDKey>0x0000</deviceGroupIDKey>
                <deviceGroupIncludedGroupIDKey>0x021F</deviceGroupIncludedGroupIDKey>
                <identifier>HEM-7600T-E</identifier>
                <deviceProtocol>OMRONWLPProtocol</deviceProtocol>
                <image>OmronConnectivityLibraryAssets.bundle/evolv.png</image>
                <thumbnail>OmronConnectivityLibraryAssets.bundle/evolv_thumbnail.png</thumbnail>
            </device>
            <device id="046">
                <modelName>RS3 Intelli IT</modelName>
                <modelDisplayName>RS3 Intelli IT</modelDisplayName>
                <modelSeries>RS3 Intelli IT</modelSeries>
                <noOfUsers>1</noOfUsers>
                <category>0x0000</category>
                <deviceGroupIDKey>0x0000</deviceGroupIDKey>
                <deviceGroupIncludedGroupIDKey>0x0255</deviceGroupIncludedGroupIDKey>
                <identifier>HEM-6161T-D/E</identifier>
                <deviceProtocol>OMRONWLPProtocol</deviceProtocol>
                <image>OmronConnectivityLibraryAssets.bundle/rs3.png</image>
                <thumbnail>OmronConnectivityLibraryAssets.bundle/rs3_thumbnail.png</thumbnail>
            </device>
            <device id="048">
                <modelName>RS7 Intelli IT</modelName>
                <modelDisplayName>RS7 Intelli IT</modelDisplayName>
                <modelSeries>RS7 Intelli IT</modelSeries>
                <noOfUsers>2</noOfUsers>
                <category>0x0000</category>
                <deviceGroupIDKey>0x0000</deviceGroupIDKey>
                <deviceGroupIncludedGroupIDKey>0x0244</deviceGroupIncludedGroupIDKey>
                <identifier>HEM-6232T-D/E</identifier>
                <deviceProtocol>OMRONWLPProtocol</deviceProtocol>
                <image>OmronConnectivityLibraryAssets.bundle/rs7.png</image>
                <thumbnail>OmronConnectivityLibraryAssets.bundle/rs7_thumbnail.png</thumbnail>
            </device>
            <device id="067">
                <modelName>BP8000</modelName>
                <modelDisplayName>BP8000</modelDisplayName>
                <modelSeries>HeartGuide™</modelSeries>
                <noOfUsers>1</noOfUsers>
                <category>0x0002</category>
                <deviceGroupIDKey>0x0000</deviceGroupIDKey>
                <deviceGroupIncludedGroupIDKey>0x0150</deviceGroupIncludedGroupIDKey>
                <identifier>HEM-6410T-Z</identifier>
                <deviceProtocol>OMRONWLPProtocol</deviceProtocol>
                <image>OmronConnectivityLibraryAssets.bundle/bp8000.png</image>
                <thumbnail>OmronConnectivityLibraryAssets.bundle/bp8000_thumbnail.png</thumbnail>
            </device>
            <device id="0670">
                <modelName>HCR-6900T</modelName>
                <modelDisplayName>HCR-6900T</modelDisplayName>
                <modelSeries>HeartGuide</modelSeries>
                <noOfUsers>1</noOfUsers>
                <category>0x0002</category>
                <deviceGroupIDKey>0x0000</deviceGroupIDKey>
                <deviceGroupIncludedGroupIDKey>0x0050</deviceGroupIncludedGroupIDKey>
                <identifier>HCR-6900T-M</identifier>
                <deviceProtocol>OMRONWLPProtocol</deviceProtocol>
                <image>OmronConnectivityLibraryAssets.bundle/bp8000.png</image>
                <thumbnail>OmronConnectivityLibraryAssets.bundle/bp8000_thumbnail.png</thumbnail>
            </device>
            <device id="069">
                <modelName>VIVA</modelName>
                <modelDisplayName>VIVA</modelDisplayName>
                <modelSeries>VIVA</modelSeries>
                <noOfUsers>4</noOfUsers>
                <category>0x0001</category>
                <deviceGroupIDKey>0x0001</deviceGroupIDKey>
                <deviceGroupIncludedGroupIDKey>0x0208</deviceGroupIncludedGroupIDKey>
                <identifier>HBF-222T_E</identifier>
                <deviceProtocol>OMRONWLPProtocol</deviceProtocol>
                <image>OmronConnectivityLibraryAssets.bundle/viva.png</image>
                <thumbnail>OmronConnectivityLibraryAssets.bundle/viva_thumbnail.png</thumbnail>
            </device>
            <device id="083">
                <modelName>BP7250</modelName>
                <modelDisplayName>BP7250</modelDisplayName>
                <modelSeries>5 Series Upper Arm</modelSeries>
                <noOfUsers>1</noOfUsers>
                <category>0x0000</category>
                <deviceGroupIDKey>0x0000</deviceGroupIDKey>
                <deviceGroupIncludedGroupIDKey>0x0154</deviceGroupIncludedGroupIDKey>
                <identifier>HEM-7150T-Z</identifier>
                <deviceProtocol>OMRONWLPProtocol</deviceProtocol>
                <image>OmronConnectivityLibraryAssets.bundle/bp7250.png</image>
                <thumbnail>OmronConnectivityLibraryAssets.bundle/bp7250_thumbnail.png</thumbnail>
            </device>
            <device id="096">
                <modelName>M4 Intelli IT</modelName>
                <modelDisplayName>M4 Intelli IT</modelDisplayName>
                <modelSeries>M4 Intelli IT</modelSeries>
                <noOfUsers>2</noOfUsers>
                <category>0x0000</category>
                <deviceGroupIDKey>0x0000</deviceGroupIDKey>
                <deviceGroupIncludedGroupIDKey>0x0264</deviceGroupIncludedGroupIDKey>
                <deviceGroupIncludedGroupSubIDKey>0x00B4</deviceGroupIncludedGroupSubIDKey>
                <identifier>HEM-7155T-EBK</identifier>
                <deviceProtocol>OMRONWLPProtocol</deviceProtocol>
                <image>OmronConnectivityLibraryAssets.bundle/m4.png</image>
                <thumbnail>OmronConnectivityLibraryAssets.bundle/m4_thumbnail.png</thumbnail>
            </device>
            <device id="097">
                <modelName>X4 Smart</modelName>
                <modelDisplayName>X4 Smart</modelDisplayName>
                <modelSeries>X4 Smart</modelSeries>
                <noOfUsers>2</noOfUsers>
                <category>0x0000</category>
                <deviceGroupIDKey>0x0000</deviceGroupIDKey>
                <deviceGroupIncludedGroupIDKey>0x0265</deviceGroupIncludedGroupIDKey>
                <deviceGroupIncludedGroupSubIDKey>0x00B5</deviceGroupIncludedGroupSubIDKey>
                <identifier>HEM-7155T_ESL</identifier>
                <deviceProtocol>OMRONWLPProtocol</deviceProtocol>
                <image>OmronConnectivityLibraryAssets.bundle/x4.png</image>
                <thumbnail>OmronConnectivityLibraryAssets.bundle/x4_thumbnail.png</thumbnail>
            </device>
            <device id="098">
                <modelName>M400 Intelli IT</modelName>
                <modelDisplayName>M400 Intelli IT</modelDisplayName>
                <modelSeries>M400 Intelli IT</modelSeries>
                <noOfUsers>2</noOfUsers>
                <category>0x0000</category>
                <deviceGroupIDKey>0x0000</deviceGroupIDKey>
                <deviceGroupIncludedGroupIDKey>0x0266</deviceGroupIncludedGroupIDKey>
                <deviceGroupIncludedGroupSubIDKey>0x00C1</deviceGroupIncludedGroupSubIDKey>
                <identifier>HEM-7155T-D</identifier>
                <deviceProtocol>OMRONWLPProtocol</deviceProtocol>
                <image>OmronConnectivityLibraryAssets.bundle/m4.png</image>
                <thumbnail>OmronConnectivityLibraryAssets.bundle/m4_thumbnail.png</thumbnail>
            </device>
            <device id="099">
                <modelName>M7 Intelli IT</modelName>
                <modelDisplayName>M7 Intelli IT</modelDisplayName>
                <modelSeries>M7 Intelli IT</modelSeries>
                <noOfUsers>2</noOfUsers>
                <category>0x0000</category>
                <deviceGroupIDKey>0x0000</deviceGroupIDKey>
                <deviceGroupIncludedGroupIDKey>0x0258</deviceGroupIncludedGroupIDKey>
                <identifier>HEM-7361T-EBK</identifier>
                <deviceProtocol>OMRONWLPProtocol</deviceProtocol>
                <image>OmronConnectivityLibraryAssets.bundle/m7ebk.png</image>
                <thumbnail>OmronConnectivityLibraryAssets.bundle/m7ebk_thumbnail.png</thumbnail>
            </device>
            <device id="100">
                <modelName>X7 Smart</modelName>
                <modelDisplayName>X7 Smart</modelDisplayName>
                <modelSeries>X7 Smart</modelSeries>
                <noOfUsers>2</noOfUsers>
                <category>0x0000</category>
                <deviceGroupIDKey>0x0000</deviceGroupIDKey>
                <deviceGroupIncludedGroupIDKey>0x0259</deviceGroupIncludedGroupIDKey>
                <identifier>HEM-7361T_ESL</identifier>
                <deviceProtocol>OMRONWLPProtocol</deviceProtocol>
                <image>OmronConnectivityLibraryAssets.bundle/x7.png</image>
                <thumbnail>OmronConnectivityLibraryAssets.bundle/x7_thumbnail.png</thumbnail>
            </device>
            <device id="101">
                <modelName>M500 Intelli IT</modelName>
                <modelDisplayName>M500 Intelli IT</modelDisplayName>
                <modelSeries>M500 Intelli IT</modelSeries>
                <noOfUsers>2</noOfUsers>
                <category>0x0000</category>
                <deviceGroupIDKey>0x0000</deviceGroupIDKey>
                <deviceGroupIncludedGroupIDKey>0x025A</deviceGroupIncludedGroupIDKey>
                <identifier>HEM-7361T-D</identifier>
                <deviceProtocol>OMRONWLPProtocol</deviceProtocol>
                <image>OmronConnectivityLibraryAssets.bundle/m7ebk.png</image>
                <thumbnail>OmronConnectivityLibraryAssets.bundle/m7ebk_thumbnail.png</thumbnail>
            </device>
            <device id="108">
                <modelName>HeartGuide</modelName>
                <modelDisplayName>HeartGuide</modelDisplayName>
                <modelSeries>HeartGuide</modelSeries>
                <noOfUsers>1</noOfUsers>
                <category>0x0002</category>
                <deviceGroupIDKey>0x0000</deviceGroupIDKey>
                <deviceGroupIncludedGroupIDKey>0x0250</deviceGroupIncludedGroupIDKey>
                <identifier>HEM-6411T-MAE</identifier>
                <deviceProtocol>OMRONWLPProtocol</deviceProtocol>
                <image>OmronConnectivityLibraryAssets.bundle/bp8000.png</image>
                <thumbnail>OmronConnectivityLibraryAssets.bundle/bp8000_thumbnail.png</thumbnail>
            </device>
            <device id="112">
                <modelName>NightView</modelName>
                <modelDisplayName>NightView</modelDisplayName>
                <modelSeries>NightView</modelSeries>
                <noOfUsers>1</noOfUsers>
                <category>0x0000</category>
                <deviceGroupIDKey>0x0000</deviceGroupIDKey>
                <deviceGroupIncludedGroupIDKey>0x0278</deviceGroupIncludedGroupIDKey>
                <identifier>HEM-9601T_E3</identifier>
                <deviceProtocol>OMRONWLPProtocol</deviceProtocol>
                <image>OmronConnectivityLibraryAssets.bundle/nightview.png</image>
                <thumbnail>OmronConnectivityLibraryAssets.bundle/nightview_thumbnail.png</thumbnail>
            </device>
            <device id="178">
                <modelName>Complete</modelName>
                <modelDisplayName>Complete</modelDisplayName>
                <modelSeries>Complete</modelSeries>
                <noOfUsers>1</noOfUsers>
                <category>0x0000</category>
                <deviceGroupIDKey>0x0000</deviceGroupIDKey>
                <deviceGroupIncludedGroupIDKey>0x0251</deviceGroupIncludedGroupIDKey>
                <identifier>HEM-7530T-E3</identifier>
                <deviceProtocol>OMRONWLPProtocol</deviceProtocol>
                <image>OmronConnectivityLibraryAssets.bundle/bp7900.png</image>
                <thumbnail>OmronConnectivityLibraryAssets.bundle/bp7900_thumbnail.png</thumbnail>
            </device>
            <device id="187">
                <modelName>WheezeScan</modelName>
                <modelDisplayName>WheezeScan</modelDisplayName>
                <modelSeries>WheezeScan</modelSeries>
                <noOfUsers>1</noOfUsers>
                <category>0x000E</category>
                <deviceGroupIDKey>0x000E</deviceGroupIDKey>
                <deviceGroupIncludedGroupIDKey>0x0200</deviceGroupIncludedGroupIDKey>
                <identifier>HWZ-1000T-E</identifier>
                <deviceProtocol>OMRONWLPProtocol</deviceProtocol>
                <image>OmronConnectivityLibraryAssets.bundle/wheezescan.png</image>
                <thumbnail>OmronConnectivityLibraryAssets.bundle/wheezescan_thumbnail.png</thumbnail>
            </device>
            <device id="280">
                <modelName>Eco Temp Intelli IT</modelName>
                <modelDisplayName>Eco Temp Intelli IT</modelDisplayName>
                <modelSeries>Eco Temp Intelli IT</modelSeries>
                <noOfUsers>1</noOfUsers>
                <category>0x0013</category>
                <deviceGroupIDKey>0x0013</deviceGroupIDKey>
                <deviceGroupIncludedGroupIDKey>0x0280</deviceGroupIncludedGroupIDKey>
                <identifier>MC-280B-E</identifier>
                <deviceProtocol>OMRONAudioProtocol</deviceProtocol>
                <image>OmronConnectivityLibraryAssets.bundle/mc280b.png</image>
                <thumbnail>OmronConnectivityLibraryAssets.bundle/mc280b_thumbnail.png</thumbnail>
            </device>
            <device id="530">
                <modelName>HN-300T2 Intelli IT</modelName>
                <modelDisplayName>HN-300T2 Intelli IT</modelDisplayName>
                <modelSeries>Scale</modelSeries>
                <noOfUsers>1</noOfUsers>
                <category>0x0001</category>
                <deviceGroupIDKey>0x0001</deviceGroupIDKey>
                <deviceGroupIncludedGroupIDKey>0x0212</deviceGroupIncludedGroupIDKey>
                <identifier>HN-300T2-EBK</identifier>
                <deviceProtocol>OMRONWLPProtocol</deviceProtocol>
                <image>OmronConnectivityLibraryAssets.bundle/hn_300t2bk.png</image>
                <thumbnail>OmronConnectivityLibraryAssets.bundle/hn_300t2bk_thumbnail.png</thumbnail>
            </device>
            <device id="531">
                <modelName>HN-300T2 Intelli IT</modelName>
                <modelDisplayName>HN-300T2 Intelli IT</modelDisplayName>
                <modelSeries>Scale</modelSeries>
                <noOfUsers>1</noOfUsers>
                <category>0x0001</category>
                <deviceGroupIDKey>0x0001</deviceGroupIDKey>
                <deviceGroupIncludedGroupIDKey>0x0213</deviceGroupIncludedGroupIDKey>
                <identifier>HN-300T2-EGY</identifier>
                <deviceProtocol>OMRONWLPProtocol</deviceProtocol>
                <image>OmronConnectivityLibraryAssets.bundle/hn_300t2.png</image>
                <thumbnail>OmronConnectivityLibraryAssets.bundle/hn_300t2_thumbnail.png</thumbnail>
            </device>
            <device id="649">
                <modelName>M300 Intelli IT</modelName>
                <modelDisplayName>M300 Intelli IT</modelDisplayName>
                <modelSeries>M300 Intelli IT</modelSeries>
                <noOfUsers>1</noOfUsers>
                <category>0x0000</category>
                <deviceGroupIDKey>0x0000</deviceGroupIDKey>
                <deviceGroupIncludedGroupIDKey>0x0289</deviceGroupIncludedGroupIDKey>
                <identifier>HEM-7143T1-D</identifier>
                <deviceProtocol>OMRONWLPProtocol</deviceProtocol>
                <image>OmronConnectivityLibraryAssets.bundle/m2.png</image>
                <thumbnail>OmronConnectivityLibraryAssets.bundle/m2_thumbnail.png</thumbnail>
            </device>
            <device id="648">
                <modelName>M2 Intelli IT</modelName>
                <modelDisplayName>M2 Intelli IT</modelDisplayName>
                <modelSeries>M2 Intelli IT</modelSeries>
                <noOfUsers>1</noOfUsers>
                <category>0x0000</category>
                <deviceGroupIDKey>0x0000</deviceGroupIDKey>
                <deviceGroupIncludedGroupIDKey>0x0288</deviceGroupIncludedGroupIDKey>
                <identifier>HEM-7143T1-EBK</identifier>
                <deviceProtocol>OMRONWLPProtocol</deviceProtocol>
                <image>OmronConnectivityLibraryAssets.bundle/m2.png</image>
                <thumbnail>OmronConnectivityLibraryAssets.bundle/m2_thumbnail.png</thumbnail>
            </device>
            <device id="647">
                <modelName>X2 Smart</modelName>
                <modelDisplayName>X2 Smart</modelDisplayName>
                <modelSeries>X2 Smart</modelSeries>
                <noOfUsers>1</noOfUsers>
                <category>0x0000</category>
                <deviceGroupIDKey>0x0000</deviceGroupIDKey>
                <deviceGroupIncludedGroupIDKey>0x0287</deviceGroupIncludedGroupIDKey>
                <identifier>HEM-7143T2-ESL</identifier>
                <deviceProtocol>OMRONWLPProtocol</deviceProtocol>
                <image>OmronConnectivityLibraryAssets.bundle/x2.png</image>
                <thumbnail>OmronConnectivityLibraryAssets.bundle/x2_thumbnail.png</thumbnail>
            </device>
            <device id="18000">
                <parentId>096</parentId>
                <modelName>M4 Intelli IT</modelName>
                <modelDisplayName>M4 Intelli IT</modelDisplayName>
                <modelSeries>M4 Intelli IT</modelSeries>
                <noOfUsers>2</noOfUsers>
                <category>0x0000</category>
                <deviceGroupIDKey>0x0000</deviceGroupIDKey>
                <deviceGroupIncludedGroupIDKey>0x00B4</deviceGroupIncludedGroupIDKey>
                <identifier>HEM-7155T-EBK</identifier>
                <deviceProtocol>OMRONWLPProtocol</deviceProtocol>
                <image>OmronConnectivityLibraryAssets.bundle/m4.png</image>
                <thumbnail>OmronConnectivityLibraryAssets.bundle/m4_thumbnail.png</thumbnail>
            </device>
            <device id="18100">
                <parentId>097</parentId>
                <modelName>X4 Smart</modelName>
                <modelDisplayName>X4 Smart</modelDisplayName>
                <modelSeries>X4 Smart</modelSeries>
                <noOfUsers>2</noOfUsers>
                <category>0x0000</category>
                <deviceGroupIDKey>0x0000</deviceGroupIDKey>
                <deviceGroupIncludedGroupIDKey>0x00B5</deviceGroupIncludedGroupIDKey>
                <identifier>HEM-7155T_ESL</identifier>
                <deviceProtocol>OMRONWLPProtocol</deviceProtocol>
                <image>OmronConnectivityLibraryAssets.bundle/x4.png</image>
                <thumbnail>OmronConnectivityLibraryAssets.bundle/x4_thumbnail.png</thumbnail>
            </device>
            <device id="19300">
                <parentId>098</parentId>
                <modelName>M400 Intelli IT</modelName>
                <modelDisplayName>M400 Intelli IT</modelDisplayName>
                <modelSeries>M400 Intelli IT</modelSeries>
                <noOfUsers>2</noOfUsers>
                <category>0x0000</category>
                <deviceGroupIDKey>0x0000</deviceGroupIDKey>
                <deviceGroupIncludedGroupIDKey>0x00C1</deviceGroupIncludedGroupIDKey>
                <identifier>HEM-7155T-D</identifier>
                <deviceProtocol>OMRONWLPProtocol</deviceProtocol>
                <image>OmronConnectivityLibraryAssets.bundle/m4.png</image>
                <thumbnail>OmronConnectivityLibraryAssets.bundle/m4_thumbnail.png</thumbnail>
            </device>
            <device id="21100">
                <modelName>M7 Intelli IT AFib</modelName>
                <modelDisplayName>M7 Intelli IT AFib</modelDisplayName>
                <modelSeries>M7 Intelli IT AFib</modelSeries>
                <noOfUsers>2</noOfUsers>
                <category>0x0000</category>
                <deviceGroupIDKey>0x0000</deviceGroupIDKey>
                <deviceGroupIncludedGroupIDKey>0x00D3</deviceGroupIncludedGroupIDKey>
                <identifier>HEM-7380T1-EBK</identifier>
                <deviceProtocol>OMRONWLPProtocol</deviceProtocol>
                <image>OmronConnectivityLibraryAssets.bundle/m7afib.png</image>
                <thumbnail>OmronConnectivityLibraryAssets.bundle/m7afib_thumbnail.png</thumbnail>
            </device>
            <device id="21200">
                <modelName>X7 Smart AFib</modelName>
                <modelDisplayName>X7 Smart AFib</modelDisplayName>
                <modelSeries>X7 Smart AFib</modelSeries>
                <noOfUsers>2</noOfUsers>
                <category>0x0000</category>
                <deviceGroupIDKey>0x0000</deviceGroupIDKey>
                <deviceGroupIncludedGroupIDKey>0x00D4</deviceGroupIncludedGroupIDKey>
                <identifier>HEM-7380T1-EOSL</identifier>
                <deviceProtocol>OMRONWLPProtocol</deviceProtocol>
                <image>OmronConnectivityLibraryAssets.bundle/x7afib.png</image>
                <thumbnail>OmronConnectivityLibraryAssets.bundle/x7afib_thumbnail.png</thumbnail>
            </device>
        </devices>
    </data>
</body>
