<?xml version="1.0" encoding="UTF-8"?>
<body>
    <header>
        <lastUpdateDate>
            2018/04/24 00:00:00
        </lastUpdateDate>
        <fileVer>
            001_003_00001
        </fileVer>
    </header>
    
    <data>
        <devices>
            <device id="004">
                <modelName>HEM-7280T</modelName>
                <modelDisplayName>HEM-7280T</modelDisplayName>
                <modelSeries>HEM-7280T</modelSeries>
                <noOfUsers>2</noOfUsers>
                <category>0x0000</category>
                <deviceGroupIDKey>0x0000</deviceGroupIDKey>
                <deviceGroupIncludedGroupIDKey>0x0413</deviceGroupIncludedGroupIDKey>
                <identifier>HEM-7280T-AP</identifier>
                <deviceProtocol>OMRONWLPProtocol</deviceProtocol>
                <image>OmronConnectivityLibraryAssets.bundle/mit5.png</image>
                <thumbnail>OmronConnectivityLibraryAssets.bundle/mit5_thumbnail.png</thumbnail>
            </device>
            <device id="025">
                <modelName>HEM-7600T</modelName>
                <modelDisplayName>HEM-7600T</modelDisplayName>
                <modelSeries>HEM-7600T</modelSeries>
                <noOfUsers>1</noOfUsers>
                <category>0x0000</category>
                <deviceGroupIDKey>0x0000</deviceGroupIDKey>
                <deviceGroupIncludedGroupIDKey>0x001F</deviceGroupIncludedGroupIDKey>
                <identifier>HEM-7600T-AP3</identifier>
                <deviceProtocol>OMRONWLPProtocol</deviceProtocol>
                <image>OmronConnectivityLibraryAssets.bundle/evolv.png</image>
                <thumbnail>OmronConnectivityLibraryAssets.bundle/evolv_thumbnail.png</thumbnail>
            </device>
            <device id="047">
                <modelName>HEM-6232T</modelName>
                <modelDisplayName>HEM-6232T</modelDisplayName>
                <modelSeries>HEM-6232T</modelSeries>
                <noOfUsers>2</noOfUsers>
                <category>0x0000</category>
                <deviceGroupIDKey>0x0000</deviceGroupIDKey>
                <deviceGroupIncludedGroupIDKey>0x0044</deviceGroupIncludedGroupIDKey>
                <identifier>HEM-6232T-AP</identifier>
                <deviceProtocol>OMRONWLPProtocol</deviceProtocol>
                <image>OmronConnectivityLibraryAssets.bundle/rs7.png</image>
                <thumbnail>OmronConnectivityLibraryAssets.bundle/rs7_thumbnail.png</thumbnail>
            </device>
            <device id="068">
                <modelName>HBF-222T</modelName>
                <modelDisplayName>HBF-222T</modelDisplayName>
                <modelSeries>HBF-222T</modelSeries>
                <noOfUsers>4</noOfUsers>
                <category>0x0001</category>
                <deviceGroupIDKey>0x0001</deviceGroupIDKey>
                <deviceGroupIncludedGroupIDKey>0x0408</deviceGroupIncludedGroupIDKey>
                <identifier>HBF-222T-AP</identifier>
                <deviceProtocol>OMRONWLPProtocol</deviceProtocol>
                <image>OmronConnectivityLibraryAssets.bundle/hbf222.png</image>
                <thumbnail>OmronConnectivityLibraryAssets.bundle/hbf222_thumbnail.png</thumbnail>
            </device>
            <device id="102">
                <modelName>HEM-7361T</modelName>
                <modelDisplayName>HEM-7361T</modelDisplayName>
                <modelSeries>HEM-7361T</modelSeries>
                <noOfUsers>2</noOfUsers>
                <category>0x0000</category>
                <deviceGroupIDKey>0x0000</deviceGroupIDKey>
                <deviceGroupIncludedGroupIDKey>0x0458</deviceGroupIncludedGroupIDKey>
                <identifier>HEM-7361T-AP</identifier>
                <deviceProtocol>OMRONWLPProtocol</deviceProtocol>
                <image>OmronConnectivityLibraryAssets.bundle/m7ebk.png</image>
                <thumbnail>OmronConnectivityLibraryAssets.bundle/m7ebk_thumbnail.png</thumbnail>
            </device>
            <device id="1151">
                <modelName>HEM-7141T1-AP</modelName>
                <modelDisplayName>HEM-7141T1-AP</modelDisplayName>
                <modelSeries>HEM-7141T1-AP</modelSeries>
                <noOfUsers>1</noOfUsers>
                <category>0x0000</category>
                <deviceGroupIDKey>0x0000</deviceGroupIDKey>
                <deviceGroupIncludedGroupIDKey>0x047F</deviceGroupIncludedGroupIDKey>
                <identifier>HEM-7141T1-AP</identifier>
                <deviceProtocol>OMRONWLPProtocol</deviceProtocol>
                <image>OmronConnectivityLibraryAssets.bundle/m2.png</image>
                <thumbnail>OmronConnectivityLibraryAssets.bundle/m2_thumbnail.png</thumbnail>
            </device>
            <device id="1152">
                <modelName>HEM-7142T1-AP</modelName>
                <modelDisplayName>HEM-7142T1-AP</modelDisplayName>
                <modelSeries>HEM-7142T1-AP</modelSeries>
                <noOfUsers>1</noOfUsers>
                <category>0x0000</category>
                <deviceGroupIDKey>0x0000</deviceGroupIDKey>
                <deviceGroupIncludedGroupIDKey>0x0480</deviceGroupIncludedGroupIDKey>
                <identifier>HEM-7142T1-AP</identifier>
                <deviceProtocol>OMRONWLPProtocol</deviceProtocol>
                <image>OmronConnectivityLibraryAssets.bundle/m2.png</image>
                <thumbnail>OmronConnectivityLibraryAssets.bundle/m2_thumbnail.png</thumbnail>
            </device>
            <device id="1402">
                <modelName>HEM-7156T-AP</modelName>
                <modelDisplayName>HEM-7156T-AP</modelDisplayName>
                <modelSeries>HEM-7156T-AP</modelSeries>
                <noOfUsers>1</noOfUsers>
                <category>0x0000</category>
                <deviceGroupIDKey>0x0000</deviceGroupIDKey>
                <deviceGroupIncludedGroupIDKey>0x057A</deviceGroupIncludedGroupIDKey>
                <identifier>HEM-7156T-AP</identifier>
                <deviceProtocol>OMRONWLPProtocol</deviceProtocol>
                <image>OmronConnectivityLibraryAssets.bundle/m4white.png</image>
                <thumbnail>OmronConnectivityLibraryAssets.bundle/m4white_thumbnail.png</thumbnail>
            </device>
            <device id="1042">
                <modelName>HN-300T2-AP</modelName>
                <modelDisplayName>HN-300T2-AP</modelDisplayName>
                <modelSeries>Scale</modelSeries>
                <noOfUsers>1</noOfUsers>
                <category>0x0001</category>
                <deviceGroupIDKey>0x0001</deviceGroupIDKey>
                <deviceGroupIncludedGroupIDKey>0x0412</deviceGroupIncludedGroupIDKey>
                <identifier>HN-300T2-AP</identifier>
                <deviceProtocol>OMRONWLPProtocol</deviceProtocol>
                <image>OmronConnectivityLibraryAssets.bundle/hn_300t2.png</image>
                <thumbnail>OmronConnectivityLibraryAssets.bundle/hn_300t2_thumbnail.png</thumbnail>
            </device>
            <device id="1030">
                <modelName>HBF-255T-APR</modelName>
                <modelDisplayName>HBF-255T-APR</modelDisplayName>
                <modelSeries>BCM</modelSeries>
                <noOfUsers>4</noOfUsers>
                <category>0x0001</category>
                <deviceGroupIDKey>0x0001</deviceGroupIDKey>
                <deviceGroupIncludedGroupIDKey>0x0406</deviceGroupIncludedGroupIDKey>
                <identifier>HBF-255T-APR</identifier>
                <deviceProtocol>OMRONWLPProtocol</deviceProtocol>
                <image>OmronConnectivityLibraryAssets.bundle/hbf255.png</image>
                <thumbnail>OmronConnectivityLibraryAssets.bundle/hbf255_thumbnail.png</thumbnail>
            </device>
            <device id="1036">
                <modelName>HBF-702T-AP</modelName>
                <modelDisplayName>HBF-702T-AP</modelDisplayName>
                <modelSeries>BCM</modelSeries>
                <noOfUsers>4</noOfUsers>
                <category>0x0001</category>
                <deviceGroupIDKey>0x0001</deviceGroupIDKey>
                <deviceGroupIncludedGroupIDKey>0x040C</deviceGroupIncludedGroupIDKey>
                <identifier>HBF-702T-AP</identifier>
                <deviceProtocol>OMRONWLPProtocol</deviceProtocol>
                <image>OmronConnectivityLibraryAssets.bundle/hbf702.png</image>
                <thumbnail>OmronConnectivityLibraryAssets.bundle/hbf702_thumbnail.png</thumbnail>
            </device>
            <device id="187">
                <modelName>WheezeScan</modelName>
                <modelDisplayName>WheezeScan</modelDisplayName>
                <modelSeries>WheezeScan</modelSeries>
                <noOfUsers>1</noOfUsers>
                <category>0x000E</category>
                <deviceGroupIDKey>0x000E</deviceGroupIDKey>
                <deviceGroupIncludedGroupIDKey>0x0200</deviceGroupIncludedGroupIDKey>
                <identifier>HWZ-1000T-E</identifier>
                <deviceProtocol>OMRONWLPProtocol</deviceProtocol>
                <image>OmronConnectivityLibraryAssets.bundle/wheezescan.png</image>
                <thumbnail>OmronConnectivityLibraryAssets.bundle/wheezescan_thumbnail.png</thumbnail>
            </device>
            <device id="108">
                <modelName>HeartGuide</modelName>
                <modelDisplayName>HeartGuide</modelDisplayName>
                <modelSeries>HeartGuide</modelSeries>
                <noOfUsers>1</noOfUsers>
                <category>0x0002</category>
                <deviceGroupIDKey>0x0000</deviceGroupIDKey>
                <deviceGroupIncludedGroupIDKey>0x0250</deviceGroupIncludedGroupIDKey>
                <identifier>HEM-6411T-MAE</identifier>
                <deviceProtocol>OMRONWLPProtocol</deviceProtocol>
                <image>OmronConnectivityLibraryAssets.bundle/bp8000.png</image>
                <thumbnail>OmronConnectivityLibraryAssets.bundle/bp8000_thumbnail.png</thumbnail>
            </device>
            <device id="083">
                <modelName>BP7250</modelName>
                <modelDisplayName>BP7250</modelDisplayName>
                <modelSeries>5 Series Upper Arm</modelSeries>
                <noOfUsers>1</noOfUsers>
                <category>0x0000</category>
                <deviceGroupIDKey>0x0000</deviceGroupIDKey>
                <deviceGroupIncludedGroupIDKey>0x0154</deviceGroupIncludedGroupIDKey>
                <identifier>HEM-7150T-Z</identifier>
                <deviceProtocol>OMRONWLPProtocol</deviceProtocol>
                <image>OmronConnectivityLibraryAssets.bundle/bp7250.png</image>
                <thumbnail>OmronConnectivityLibraryAssets.bundle/bp7250_thumbnail.png</thumbnail>
            </device>
            <device id="274">
                <modelName>SC-150</modelName>
                <modelDisplayName>SC-150</modelDisplayName>
                <modelSeries>Scale</modelSeries>
                <noOfUsers>1</noOfUsers>
                <category>0x0001</category>
                <deviceGroupIDKey>0x0001</deviceGroupIDKey>
                <deviceGroupIncludedGroupIDKey>0x0112</deviceGroupIncludedGroupIDKey>
                <identifier>HN-300T2-Z</identifier>
                <deviceProtocol>OMRONWLPProtocol</deviceProtocol>
                <image>OmronConnectivityLibraryAssets.bundle/sc_150.png</image>
                <thumbnail>OmronConnectivityLibraryAssets.bundle/sc_150_thumbnail.png</thumbnail>
            </device>
        </devices>
    </data>
</body>
